Top queries,Clicks,Impressions,CTR,Position
bionixus,45,95,47.37%,1.01
pharmaceutical companies in oman,8,101,7.92%,5.27
pharmaceutical companies in kuwait,5,228,2.19%,8.58
pharma companies in kuwait,3,120,2.5%,7.28
pharma companies in oman,3,68,4.41%,6
pharma company in oman,3,46,6.52%,6.02
healthcare market research,2,200,1%,38.86
pharmaceutical companies,2,111,1.8%,10.34
kuwait pharma company,2,108,1.85%,8.71
pharmaceutical companies in dubai,2,96,2.08%,18.78
oman pharmaceutical company,2,72,2.78%,8.39
pharma companies in uae,2,67,2.99%,6.81
pharmaceutical companies in bahrain,2,63,3.17%,5.49
pharma companies in bahrain,2,28,7.14%,4.18
drug manufacturing company oman,2,25,8%,6.2
list of pharmaceutical companies in uae,2,23,8.7%,5.83
oman pharma company list,2,16,12.5%,2.5
list of pharmaceutical companies in dubai,2,6,33.33%,5.5
egypt pharmaceutical industry,2,5,40%,5.4
al baker group qatar,2,2,100%,5
neurofibromatosis,2,2,100%,5.5
market research companies in egypt,1,156,0.64%,14.52
qatar pharmaceutical industries,1,137,0.73%,11.34
oman pharmaceutical products,1,112,0.89%,8.59
kuwait pharmaceutical companies,1,105,0.95%,7.87
oman pharma,1,105,0.95%,8.77
iqvia competitors,1,104,0.96%,9.29
pharmaceutical companies in qatar,1,90,1.11%,8.2
oman pharmaceutical,1,89,1.12%,8.81
healthcare market research company,1,70,1.43%,47.63
marketing research companies in egypt,1,69,1.45%,14.12
bahrain pharma,1,59,1.69%,9.22
oman pharma company,1,56,1.79%,7.77
pharmaceutical companies dubai,1,47,2.13%,8.77
oman pharmaceutical company list,1,42,2.38%,5.5
pharmaceutical manufacturing companies in oman,1,39,2.56%,4.23
top 10 pharmaceutical companies in qatar,1,39,2.56%,7.97
uae pharmaceutical companies,1,34,2.94%,8.03
kuwait pharma,1,33,3.03%,6.55
oman pharmaceutical companies,1,22,4.55%,6
pharmaceutical companies in egypt,1,15,6.67%,10.93
medicine manufacturing companies in uae,1,12,8.33%,8.67
idvynso vs dovato,1,10,10%,8.4
hiba pharmaceutical manufacturing llc,1,8,12.5%,2.88
نعم,1,8,12.5%,3
more,1,8,12.5%,4.62
emea pharma,1,6,16.67%,7.67
pharmaceutical co,1,6,16.67%,7.83
biomedical companies in qatar,1,6,16.67%,9.17
saudi pharmaceutical industries,1,6,16.67%,15.67
market research companies saudi arabia,1,6,16.67%,39.33
top local pharmaceutical companies in egypt,1,5,20%,5.6
multinational pharmaceutical companies in uae,1,4,25%,4.75
pharmaceutical distributors in bahrain,1,4,25%,9.25
egyptian pharmacy,1,4,25%,12
pharma kuwait,1,4,25%,14.25
in egypt,1,3,33.33%,4
pharmaceutical company uae,1,3,33.33%,13
list of pharma companies in uae,1,2,50%,3
market research agency,1,2,50%,5
for egypt,1,2,50%,6.5
in oman,1,2,50%,7.5
saudi food and drug,1,2,50%,8
saudi pharmaceutical companies list,1,2,50%,8
first 2,1,1,100%,1
in 2026,1,1,100%,1
manufacturers,1,1,100%,1
medical surveys for doctors,1,1,100%,1
are u sure,1,1,100%,3
ibn sina oman,1,1,100%,4
pharmaceutical third party manufacturing,1,1,100%,4
any others??,1,1,100%,5
zynova pharmaceuticals oman,1,1,100%,5
travel research companies,1,1,100%,8
cairo hospitals healthcare 2023-2026,0,16826,0%,4.9
gcc generic injectables market,0,456,0%,55.18
healthcare market research companies,0,391,0%,34.46
gcc drug repurposing market,0,385,0%,51.89
gcc pharmacy market,0,329,0%,25.43
gcc clinical trials market,0,311,0%,41.71
gcc personalized medicine market,0,299,0%,46.88
gcc biologics market,0,296,0%,35.92
quantitative medical market research,0,280,0%,25.29
biomedical r&d category strategy,0,251,0%,72.65
gcc generic pharmaceuticals market,0,247,0%,51.01
pharmaceutical market research companies in dubai,0,246,0%,26.48
gcc biopharmaceuticals market,0,242,0%,23.48
healthcare market research companies in dubai,0,241,0%,20.38
pharmaceutical market research firms in dubai,0,229,0%,18.45
saudi arabia precision medicine market,0,224,0%,66.04
gcc generic drug market,0,223,0%,55.44
pharmaceuticals market research company in dubai,0,219,0%,19.3
denmark pharmaceutical market,0,217,0%,20.72
pharmaceutical company market research company in dubai,0,215,0%,18.72
gcc pharmaceutical analytical testing outsourcing market,0,205,0%,65.51
healthcare market research company in dubai,0,202,0%,22.18
gcc pharmaceuticals market,0,202,0%,44.05
healthcare bioconvergence market,0,199,0%,48.2
gcc healthcare payer services market,0,194,0%,65.06
saudi arabia pharmaceutical labeling market,0,192,0%,53.58
middle east biologics market,0,192,0%,65.94
healthcare market research agency in dubai,0,189,0%,20.54
saudi arabia biologics market,0,186,0%,61.76
saudi arabia biosimilar market,0,177,0%,64.16
saudi arabia home infusion therapy market,0,170,0%,49.09
gcc medical writing market,0,169,0%,52.08
saudi arabia pharmacovigilance market,0,165,0%,50.58
pharmaceutical companies in uae,0,154,0%,8.58
egypt medical device market,0,151,0%,38.47
saudi arabia generic injectables market,0,150,0%,59.34
mena generic drug market,0,150,0%,70.71
healthcare industry market research in dubai,0,142,0%,21.77
healthcare market research in dubai,0,136,0%,23.63
gulf cooperation council in vitro diagnostic market,0,136,0%,50.53
gcc pharmaceutical market,0,133,0%,32.8
gcc immunosuppressive drugs market,0,132,0%,52.96
singapore pharma market,0,131,0%,33.53
gcc healthcare analytics market,0,131,0%,46.26
gcc biochips market,0,130,0%,56.58
gcc virtual clinical trials market,0,129,0%,72.84
gcc e-pharmacy market,0,124,0%,59.02
healthcare market research agencies in dubai,0,123,0%,22.01
italy personalized medicine market,0,123,0%,67.99
gcc medication management market,0,119,0%,55.91
gcc microservices healthcare market,0,118,0%,58.12
middle east biomarkers market,0,117,0%,52.73
pharma hub patient access support service market,0,117,0%,65.74
rwe pharma,0,113,0%,41.84
market access consulting,0,113,0%,63.85
middle east precision medicine market,0,112,0%,60.86
sweden pharmaceutical market,0,107,0%,24.74
spain high throughput screening market,0,105,0%,47.81
gcc biobanking market,0,105,0%,68.21
saudi arabia generic drug market,0,103,0%,51.85
singapore medical devices,0,101,0%,21.48
gcc compounding chemotherapy market,0,101,0%,64.74
italy clinical trials market,0,99,0%,37.77
market approval saudi-arabia,0,98,0%,40.87
kantar egypt market research,0,97,0%,8.58
quantitative healthcare market research,0,95,0%,19.06
saudi arabia biomarkers market,0,95,0%,46.88
pharmaceutical market intelligence consulting,0,95,0%,55.23
france life science analytics market,0,95,0%,62.58
saudi arabia pharmaceuticals market,0,93,0%,35.69
gcc physician groups market,0,93,0%,38.62
gcc preclinical cro market,0,93,0%,69.51
europe market access consultants,0,92,0%,48.76
gcc nanomedicine market,0,92,0%,68.2
gcc clinical data analytics market,0,90,0%,41.86
france biopharmaceuticals market,0,90,0%,52.56
bionixus company,0,89,0%,1.12
singapore medtech industry,0,89,0%,30.15
gcc medicinal plant extracts market,0,89,0%,60.84
gcc mixed reality healthcare market,0,88,0%,34.4
medical market research,0,88,0%,51.74
kol mapping,0,85,0%,50.8
europe market access consultancy,0,85,0%,69.48
healthcare market research firms,0,84,0%,30.55
gcc healthcare business intelligence market,0,83,0%,42.83
gcc drug infusion system market,0,83,0%,57.23
gcc nutraceuticals market,0,83,0%,58.18
france nanomedicine market,0,82,0%,59.57
european market access consultancy,0,81,0%,62.75
spain personalized medicine market,0,80,0%,58.58
france personalized medicine market,0,80,0%,71.66
italy keytruda market,0,79,0%,34.72
qatar genomics market,0,79,0%,52.42
uhis egypt february 2026 update,0,78,0%,9.73
gcc healthcare consulting services market,0,77,0%,68.08
pharmaceutical companies in dubai uae,0,76,0%,12.59
egypt pharmaceutical market,0,76,0%,18.68
qualitative medical market research,0,76,0%,27.57
saudi healthcare market research,0,76,0%,50.86
saudi arabia biotechnology market,0,76,0%,69.82
gcc herg screening market,0,75,0%,41.55
gcc pharmacovigilance market,0,75,0%,54.01
estudios de mercado sector salud,0,74,0%,39.81
market access research,0,74,0%,56.95
strategic market access,0,74,0%,63.85
sfda odd,0,73,0%,18.56
pharmaceutical industry market research,0,73,0%,32.27
gcc tablet market,0,73,0%,33.66
gcc vaccine market,0,73,0%,61.47
italy biopharmaceuticals market,0,72,0%,35.04
qatar personalized medicine market,0,72,0%,56.11
gcc herbal nanomedicine market,0,71,0%,53.32
pharma rwe real world evidence,0,70,0%,23.96
pharma company in kuwait,0,69,0%,8.64
german pharma exports oman,0,69,0%,10.68
market research healthcare companies,0,69,0%,43.61
saudi arabia medical devices market,0,69,0%,49.45
gcc prefilled syringes market,0,69,0%,68.41
kol engagement platform,0,69,0%,73.33
qatar pharmaceutical companies,0,68,0%,9.21
gcc genomics market,0,68,0%,67.34
saudi arabia genomics market,0,67,0%,64.19
market access consulting pharma,0,67,0%,73.7
pharmacy market intelligence consultants,0,66,0%,27.24
gcc healthcare regulatory affairs outsourcing market,0,66,0%,58.5
gcc daptomycin market,0,65,0%,39.25
gcc healthcare crm market,0,65,0%,64.72
healthcare qualitative market research,0,64,0%,28.31
saudi arabia immunoassay market,0,64,0%,54.28
dha-approved pharma distributors uae,0,63,0%,4.27
gcc biologic therapy market,0,63,0%,19.05
gcc healthcare predictive analytics market,0,63,0%,53.46
gcc pharmacy automation market,0,63,0%,64.33
pharmaceutical market access consulting,0,63,0%,72.86
regulated pharmaceutical exports kuwait,0,62,0%,7.18
saudi arabia biocatalyst market,0,62,0%,50.16
saudi arabia e-pharmacy market,0,62,0%,56.35
uae pharmaceutical market,0,61,0%,30.79
france clinical trials market,0,61,0%,47.61
gcc non clinical information system market,0,61,0%,61.13
healthcare quantitative market research,0,60,0%,19.18
saudi arabia biobanking market,0,60,0%,53.8
gcc healthcare quality management market,0,60,0%,64.4
kuwait pharmaceutical company,0,59,0%,7.85
pharma distributor in saudi arabia,0,59,0%,10.51
marktforschung pharmaindustrie,0,58,0%,39.72
gcc pegylated drugs market,0,58,0%,53.66
gcc intravenous solution market,0,58,0%,58.05
gcc biocatalyst market,0,58,0%,58.26
gcc big data pharmaceutical advertising market,0,57,0%,50.96
saudi arabia e-prescribing market,0,57,0%,61.05
gcc e-health market,0,57,0%,65.23
pharma companies in dubai,0,56,0%,9.21
pharma industry market research,0,56,0%,35.61
japan medical devices market,0,56,0%,43
gcc electronic pill market,0,56,0%,43.09
gcc mrsa drugs market,0,56,0%,46.05
top healthcare market research companies in europe,0,56,0%,51.55
gcc healthcare information systems market,0,56,0%,60.96
japan personalized medicine market,0,56,0%,72.23
gcc centralised workstations market,0,55,0%,26.02
market research pharmaceutical industry,0,55,0%,38.89
saudi arabia cell therapy market,0,55,0%,64.36
pharmaceutical consulting services market,0,55,0%,70.51
market research egypt,0,54,0%,15.09
kol mapping services,0,54,0%,23.07
saudi arabia hormone replacement therapy market,0,54,0%,53.17
gcc mobile tablets healthcare market,0,53,0%,40.75
gcc functional service providers market,0,53,0%,59.83
saudi arabia api market,0,53,0%,64.72
middle east population health management market,0,53,0%,68.42
latest pharmaceutical market news brazil regulation science health,0,52,0%,4.94
gcc digital healthcare market,0,52,0%,25.4
pharmacy market intelligence consulting,0,52,0%,28.31
healthcare marketing research companies,0,52,0%,50.65
gcc intravenous solutions market,0,52,0%,69.12
singapore pharmaceutical market,0,51,0%,31.96
gcc pain relief medication market,0,51,0%,45.35
market research firms healthcare,0,51,0%,49.31
gcc gout market,0,51,0%,53.43
gcc home healthcare market,0,51,0%,53.69
gesundheitsmarktforschung,0,50,0%,2.82
pharmaceutical,0,50,0%,8.38
spain life science analytics market,0,50,0%,50.86
kol mapping service,0,49,0%,16.35
pharmaceutical market research companies,0,49,0%,32.29
kol mapping pharma,0,49,0%,43.24
qatar biotechnology market,0,49,0%,47.22
gcc healthcare rfid market,0,49,0%,58.02
saudi arabia regenerative medicine market,0,49,0%,66.69
medtech market access consulting,0,49,0%,81.63
turkey diabetes market,0,48,0%,31.92
france functional service providers market,0,48,0%,44.67
gcc pediatric medicine market,0,48,0%,63.4
pharma companies in qatar,0,47,0%,9.13
healthcare market research agencies,0,47,0%,40
research companies in uae,0,47,0%,42.83
uk biologics market,0,47,0%,44.74
best healthcare market research companies in europe,0,47,0%,50.6
gcc medical automation market,0,47,0%,50.7
gcc medical morphine market,0,47,0%,56.19
gcc eclinical solution market,0,47,0%,63.62
spain contrast media market,0,47,0%,81.19
"(""healthcare"" or ""pharma"" or ""pharmaceuticals"" or ""pharmaceutical"" or 
""medical"") and (""stake"" or ""acquires"" or ""exit"" or ""regulations"" or 
""policy"" or ""regulation"" or ""regulatory"")",0,46,0%,6.89
pharma export consultancy oman,0,46,0%,8.87
pharmaceutical industries in dubai,0,46,0%,10.28
gcc respiratory drugs market,0,46,0%,27.26
gcc leigh syndrome treatment market,0,46,0%,49.39
gcc heart failure drugs market,0,46,0%,57.74
pharmaceutical export services kuwait,0,45,0%,8.91
gcc medical device devices market,0,45,0%,16.98
gcc heart tumor market,0,45,0%,39.29
gcc gallbladder treatment market,0,45,0%,44.78
gcc healthcare packaging market,0,45,0%,56.78
gcc patient access solutions market,0,45,0%,58.87
gcc fertility drug surgery market,0,45,0%,62.24
gcc downstream processing market,0,45,0%,63.09
gcc opioids market,0,45,0%,64.02
healthcare market access consultant,0,45,0%,72.78
strategic pharmaceutical export kuwait,0,44,0%,1.84
gcc healthcare artificial intelligence ai market,0,44,0%,38.02
top 20 healthcare market research companies in europe,0,44,0%,47.05
gcc churg strauss syndrome market,0,44,0%,58.73
gcc metabolomics services market,0,44,0%,59.8
gcc over the counter (otc) drugs market,0,44,0%,63.86
gcc growth hormone deficiency market,0,44,0%,72.84
kol mapping healthcare,0,43,0%,33.09
gcc lupus market,0,43,0%,62.91
pharmaceutical export business kuwait,0,42,0%,1.86
gcc cancer biologic therapy market,0,42,0%,32.45
top 10 healthcare market research companies in europe,0,42,0%,38.81
gcc chorea market,0,42,0%,41.21
gcc thrombus treatment market,0,42,0%,42.17
qatar clinical trials market,0,42,0%,42.57
japan precision medical devices market,0,42,0%,51.62
gcc pd l1 inhibitors market,0,42,0%,55.52
saudi arabia proteomics market,0,42,0%,57.19
gcc cough syrup market,0,42,0%,59.31
estudios de mercado sector farmacéutico,0,42,0%,68.83
pharma survey software,0,42,0%,70.76
gcc portable diagnostic devices market,0,41,0%,14.61
gcc tyrosine hydroxylase deficiency market,0,41,0%,29.2
kol mapping company,0,41,0%,30.37
gcc aicardi syndrome market,0,41,0%,36.83
gcc medical propellants market,0,41,0%,43.68
gcc atherosclerosis market,0,41,0%,46.63
gcc articaine hydrochloride market,0,41,0%,55.66
saudi arabia vaccine market,0,41,0%,63.1
france life science tools market,0,41,0%,64.34
pharmaceutical market research tool,0,41,0%,74.46
german pharmaceutical export specialist kuwait,0,40,0%,9.18
singapore medical device market access,0,40,0%,19.75
gcc insulin biosimilars market,0,40,0%,29.82
gcc palliative care market,0,40,0%,34.92
italy functional service providers market,0,40,0%,39.23
gcc immunoassay market,0,40,0%,42.98
healthcare market access services gcc,0,40,0%,42.98
middle east and africa clinical trial imaging market,0,40,0%,59.75
gcc montelukast intermediate market,0,39,0%,37.67
gcc refurbished medical devices market,0,39,0%,37.87
saudi arabia spectrometry market,0,39,0%,42.72
gcc montelukast api market,0,39,0%,47.56
spain biologics market,0,39,0%,48.77
japan medical device connectivity market,0,39,0%,53.31
spain preclinical cro market,0,39,0%,57.69
gcc pharmacy management system market,0,39,0%,62.87
european pharmaceuticals distributor kuwait,0,38,0%,5.71
"""opzelura"" ""sfda""",0,38,0%,8.24
gcc precision medical devices market,0,38,0%,26.74
gcc general surgical devices market,0,38,0%,30.39
china biologics market,0,38,0%,37.61
saudi arabia wearable injectors market,0,38,0%,48.24
saudi arabia bioinformatics market,0,38,0%,60.47
gcc interventional radiology products market,0,37,0%,35.7
pharma market research companies,0,37,0%,37.43
gcc dercums disease market,0,37,0%,38.89
top market research companies in saudi arabia,0,37,0%,40.16
japan portable diagnostic devices market,0,37,0%,41.46
healthcare market research companies in europe,0,37,0%,44.84
saudi arabia biomaterials market,0,37,0%,45.19
gcc medical billing market,0,37,0%,52.38
pharmaceutical market intelligence consultants,0,37,0%,55.3
gcc micro pump market,0,37,0%,57.54
drug distributor in saudi arabia,0,36,0%,14.19
medical companies in uae,0,36,0%,16.67
gcc gynecological devices instruments market,0,36,0%,27.42
medical device singapore,0,36,0%,27.86
kol influence mapping,0,36,0%,37.56
gcc carboprost tromethamine market,0,36,0%,50.44
saudi arabia biosensors market,0,36,0%,51.44
gcc medical robotics market,0,36,0%,51.78
saudi arabia prefilled syringes market,0,36,0%,52.14
mena prefilled syringes market,0,36,0%,68.36
medical device market access in singapore,0,35,0%,21.57
gcc osteomyelitis market,0,35,0%,33.54
market research in pharmaceuticals,0,35,0%,38.6
gcc fibroscan market,0,35,0%,41.57
india precision medical device market,0,35,0%,43.57
gcc cardiopulmonary disease diagnostics treatment market,0,35,0%,45.66
pharma marktforschung,0,35,0%,47
gcc smart healthcare market,0,35,0%,49.74
japan refurbished medical devices market,0,35,0%,50.17
saudi arabia plasma fractionation market,0,35,0%,54.23
gcc ent devices market,0,35,0%,57.17
gcc biotechnology pharmaceutical services outsourcing market,0,35,0%,69.63
market access consultancy,0,35,0%,75.06
gcc neurology devices market,0,34,0%,38.76
spain clinical trials market,0,34,0%,50.65
market access strategy,0,34,0%,56.91
pharma market access services,0,34,0%,68.35
welche biopharmafirmen zeigen eine konstante erneuerung der pipeline?,0,33,0%,2.58
april healthcare kuwait,0,33,0%,11.67
pharmaceutical quantitative research services,0,33,0%,16.33
india medical device market access,0,33,0%,25.73
gcc unified monitoring market,0,33,0%,43.39
gcc calciphylaxis market,0,33,0%,43.94
gcc medical disposables market,0,33,0%,48.42
gcc active pharmaceutical ingredient for cancer market,0,33,0%,50.52
gcc laboratory equipment market,0,33,0%,53.91
gcc facial injectable market,0,33,0%,55.52
gcc polysomnography devices market,0,33,0%,60.27
gcc telemedicine market,0,33,0%,60.61
payer communication tools consultancy,0,33,0%,76.76
"""opzelura"" ""saudi food and drug authority""",0,32,0%,6.19
pharmaceutical company,0,32,0%,12.47
gcc medical device connectivity market,0,32,0%,15.31
gcc extremity products market,0,32,0%,30.47
gcc odontogenic tumor market,0,32,0%,41.69
gcc healthcare market,0,32,0%,46.97
gcc keratoconus treatment market,0,32,0%,49.53
gcc theranostics market,0,32,0%,56.56
gcc biopsy devices market,0,32,0%,61.97
saudi arabia cell and gene therapy market,0,32,0%,63.91
gcc ivd contract manufacturing market,0,32,0%,69
qpi qatar,0,31,0%,7.03
gcc barotrauma market,0,31,0%,36.81
gcc orthopedic devices market,0,31,0%,44.03
gcc electrical hospital beds market,0,31,0%,45.23
gcc vanishing bone disease market,0,31,0%,49.77
egypt health and wellness market,0,31,0%,51.65
gcc medical device cleaning market,0,31,0%,51.94
gcc over the counter healthcare market,0,31,0%,57.35
gcc medical simulation market,0,31,0%,60.94
saudi arabia life science tools market,0,31,0%,61.32
spain precision medicine market,0,31,0%,61.94
gcc multiplex assays market,0,31,0%,62.1
saudi arabia pharmacy retail market,0,31,0%,62.32
saudi arabia biopsy devices market,0,31,0%,63.06
gcc optical imaging market,0,31,0%,63.32
biotech digital marketing agency,0,30,0%,11.13
export pharmaceuticals trusted supplier oman,0,30,0%,11.77
healthcare companies in uae,0,30,0%,23.67
australia ivd market access,0,30,0%,32.4
gcc handheld surgical devices market,0,30,0%,39.37
gcc occlusion devices market,0,30,0%,41.77
saudi arabia cancer biomarkers market,0,30,0%,41.87
top pharmaceutical market research companies in europe,0,30,0%,43.73
gcc cardiac implants market,0,30,0%,44.67
gcc biosimilar contract manufacturing market,0,30,0%,51.7
gcc intensive care unit market,0,30,0%,53.23
saudi arabia intravenous solution market,0,30,0%,54.9
gcc medical case management market,0,30,0%,55.77
italy life science analytics market,0,30,0%,56.37
gcc medical carts market,0,30,0%,62.7
saudi arabia statin market,0,30,0%,63.83
gcc smart inhalers market,0,30,0%,68.83
gcc automatic pill dispenser market,0,30,0%,79.17
top 10 pharmaceutical companies in kuwait,0,29,0%,6.07
global healthcare market research,0,29,0%,24.1
kol publication mapping,0,29,0%,28.79
gcc tachycardia market,0,29,0%,29.21
australia medical device market access,0,29,0%,29.9
gcc coronary angiography devices market,0,29,0%,35.52
gcc minimally invasive surgery devices market,0,29,0%,43.14
top healthcare market research companies,0,29,0%,44.79
bronchial hyperreactivity market,0,29,0%,46.69
gcc surgical blades market,0,29,0%,48.62
gcc biosurgery market,0,29,0%,49.34
gcc metered dose inhalers market,0,29,0%,58.24
healthcare research services,0,29,0%,64.55
market access and pricing consultant,0,29,0%,66.48
gcc healthcare data storage market,0,29,0%,68.17
gcc healthcare cold chain monitoring market,0,29,0%,70.21
kol management pharma,0,29,0%,80.9
export pharmaceuticals gmp certified oman,0,28,0%,10.64
qatar pharma,0,28,0%,11.29
turkey healthcare it market,0,28,0%,29.14
healthcare market research agency,0,28,0%,33.71
gcc cardiovascular devices market,0,28,0%,43.14
top pharmaceutical market research companies in uk,0,28,0%,45.79
japan medical disposables market,0,28,0%,46.25
gcc life science analytics market,0,28,0%,49.29
gcc hemorrhoid treatment devices market,0,28,0%,49.86
market access consulting and research,0,28,0%,51.04
gcc nasal mucosa drug supply device market,0,28,0%,51.18
gcc antibodies market,0,28,0%,53.54
gcc medical alert systems market,0,28,0%,57.04
market access strategy consulting,0,28,0%,59.75
saudi arabia population health management market,0,28,0%,62.04
pharmaceutical company in oman,0,27,0%,7.22
dubai pharmaceutical companies,0,27,0%,9.07
healthcare patient pharmaceutical survey data company,0,27,0%,16.26
pharma company,0,27,0%,19.96
pharma supply chain companies,0,27,0%,36.15
market access services,0,27,0%,41.96
gcc atrial fibrillation systems market,0,27,0%,44.89
saudi arabia enzymes market,0,27,0%,46.7
gcc anatomical modelling market,0,27,0%,46.85
gcc radial artery compression devices market,0,27,0%,50.07
respiratory therapies market,0,27,0%,52.89
kol advisory board,0,27,0%,54.96
gcc vitrectomy devices market,0,27,0%,55.74
gcc telerehabilitation market,0,27,0%,59.19
gcc pharmacy benefit management services market,0,27,0%,62
china immunosuppressive drugs market,0,27,0%,65.11
japan emergency medical device services market,0,27,0%,71.78
gcc hospital bed market,0,26,0%,20.27
kol tiering,0,26,0%,32.12
pharmacelsus,0,26,0%,40.38
list of healthcare market research companies in europe,0,26,0%,47.73
gcc transradial access devices market,0,26,0%,50.08
uk market access consultants,0,26,0%,51.42
gcc neurorehabilitation devices market,0,26,0%,52.12
gcc mobile ai market,0,26,0%,53.5
gcc singleplex immunoassay market,0,26,0%,54.5
gcc high throughput screening market,0,26,0%,57.65
gcc tracheostomy products market,0,26,0%,59.46
saudi arabia pulmonary arterial hypertension drugs market,0,26,0%,60.77
gcc ambulatory services market,0,26,0%,61.15
gcc homeopathy market,0,26,0%,62.73
south america functional service providers market,0,26,0%,72.62
"(""biosimilar"" or ""biosimilars"") and (""europe"" or ""us"" or ""iqvia"")",0,25,0%,4.88
brazilian healthcare and pharmaceuticals market leader 2026,0,25,0%,6
baxfendy vs spironolactone,0,25,0%,9.6
medical market research surveys nhs,0,25,0%,25.4
gcc anticoagulation market,0,25,0%,42.28
gcc pericarditis market,0,25,0%,42.8
gcc catheter securement device market,0,25,0%,48.6
biotech case studies,0,25,0%,52.08
saudi arabia over-the-counter pharmaceutical market,0,25,0%,54.04
gcc gene therapy market,0,25,0%,56.52
gcc herbal medicine market,0,25,0%,57.08
gcc homeopathic medicine market,0,25,0%,57.68
gcc medical drones market,0,25,0%,58.28
gcc surgical simulation market,0,25,0%,61.8
gcc synthetic monitoring market,0,25,0%,62.6
gcc mhealth applications market,0,25,0%,68.36
gcc mobile radiography systems market,0,25,0%,68.52
gcc home infusion therapy devices market,0,25,0%,69.24
kol engagement tool for medcomms agencies,0,25,0%,71.72
biopharma market access consulting services,0,25,0%,73.28
kol mapping tool,0,25,0%,77.2
wholesale pharma export solutions kuwait,0,24,0%,6.33
top pharma company in dubai,0,24,0%,7.58
healthcare and survey research companies,0,24,0%,10.71
global medicine supply chain oman,0,24,0%,13.92
biologicals market access latam,0,24,0%,15.12
rwe pharma strategy,0,24,0%,20.33
gcc febrile seizures market,0,24,0%,30.79
cns microbiome therapy investment,0,24,0%,35.54
gcc muscle stimulator market,0,24,0%,45.04
gcc fracture fixation products market,0,24,0%,45.62
gcc embolic protection devices market,0,24,0%,47.96
gcc catheters active implantable cdmo market,0,24,0%,48.67
japan medical carts market,0,24,0%,48.83
top pharmaceutical market research company in dubai,0,24,0%,49
gcc colposcopy market,0,24,0%,52.62
gcc digital wound measurement devices market,0,24,0%,52.96
gcc dravet syndrome market,0,24,0%,55.08
top healthcare market research firms,0,24,0%,55.75
uk precision medical devices market,0,24,0%,56.38
strategic market access consultant,0,24,0%,58.17
gcc single photon emission computed tomography market,0,24,0%,58.21
gcc breath analyzer market,0,24,0%,60.67
biopharmaceutical market access,0,24,0%,61.12
gcc medical imaging displays market,0,24,0%,63.17
gcc hydrocephalus market,0,24,0%,63.92
gcc benign prostatic hyperplasia treatment market,0,24,0%,65.38
gcc medical coding market,0,24,0%,65.5
gcc 5g in healthcare market,0,24,0%,67.58
pharmaceutical localization,0,24,0%,80.67
japan pharmaceutical medical device regulatory 2026,0,23,0%,4.96
pharmaceutical industry,0,23,0%,9.26
pharmaceutical manufacturing companies in uae,0,23,0%,9.7
pharmaceutical manufacturing companies in dubai,0,23,0%,10.22
leading pharmaceutical distributor uae & gcc,0,23,0%,12.09
pharmaceuticals export europe oman,0,23,0%,16.35
pharmaceutical companies in saudi arabia,0,23,0%,20.61
gcc piriformis syndrome market,0,23,0%,27.09
pharmaceuticals export hub germany qatar,0,23,0%,30.43
gcc std testing devices market,0,23,0%,38.87
turkey biosimilar market,0,23,0%,41.39
gcc neuropsychiatric disorders treatment market,0,23,0%,45.57
drug discovery services in middle east,0,23,0%,46.3
gcc cerebrospinal fluid management devices market,0,23,0%,47.83
pharma qol studie,0,23,0%,48.13
best healthcare market research company in dubai,0,23,0%,49.43
kol identification services,0,23,0%,49.48
uk theranostics market,0,23,0%,50.96
best pharmaceutical market research company in dubai,0,23,0%,51.57
gcc neurodiagnostics market,0,23,0%,52.39
gcc pedicle screw systems market,0,23,0%,55.13
gcc bone biopsy market,0,23,0%,55.57
gcc medical billing outsourcing market,0,23,0%,56.04
gcc epilepsy devices market,0,23,0%,56.65
gcc cervical fusion market,0,23,0%,60.43
gcc human papilloma virus market,0,23,0%,60.65
gcc metal implants medical alloys market,0,23,0%,61.09
gcc diagnostic imaging services market,0,23,0%,62.91
gcc surgical navigation systems market,0,23,0%,64.3
gcc optical coherence tomography market,0,23,0%,66.91
gcc closed system drug transfer device market,0,23,0%,68.65
"europe, middle east and africa gastrointestinal drugs market",0,23,0%,77.87
clinical research uae,0,23,0%,80.13
"detailed timelines of news, events, announcements for city hypermarket in 
gcc 2026",0,22,0%,6.09
pharma manufacturing companies in uae,0,22,0%,8.27
city hypermarket gcc update 2026,0,22,0%,13.41
pharmaceutical industry in dubai,0,22,0%,17.23
saudi arabia diabetes drugs market,0,22,0%,29.55
saudi arabia cancer immunotherapy market,0,22,0%,31.95
medical device market access in australia,0,22,0%,34.64
kol mapping companies,0,22,0%,36.18
pharmaceutical market research firms,0,22,0%,44
gcc medical vacuum systems market,0,22,0%,44.36
top healthcare market research companies in dubai,0,22,0%,44.45
biomedical companies in uae,0,22,0%,46.45
gcc multimodal ui market,0,22,0%,52.64
medtech manufacturing singapore,0,22,0%,55.5
gcc safety lancet market,0,22,0%,60.73
gcc smoke evacuation device market,0,22,0%,61.45
uk market access consultancy,0,22,0%,62.23
gcc flash chromatography market,0,22,0%,63.09
gcc pain patch market,0,22,0%,63.18
south korea medical device connectivity market,0,22,0%,64.36
biotechnology companies in saudi arabia,0,22,0%,67.73
market access consultancy uk,0,22,0%,67.86
market access companies,0,22,0%,68.86
gcc preclinical imaging market,0,22,0%,69.55
gcc whole exome sequencing market,0,22,0%,72.59
gcc paranasal sinus cancer market,0,22,0%,74.64
keshan disease treatment market,0,22,0%,89.32
iqvia alternative,0,21,0%,6.14
pharma companies,0,21,0%,13.76
pharma industry,0,21,0%,20.1
neocol pharmaresearch bio,0,21,0%,22.67
gcc endoprosthesis market,0,21,0%,30.29
gcc transarterial chemoembolization market,0,21,0%,35.29
pharmaceutical market research,0,21,0%,35.52
market research companies in saudi arabia,0,21,0%,35.81
european medicine export solutions qatar,0,21,0%,39.95
uk biologic therapy market,0,21,0%,40.95
marktforschung pharma,0,21,0%,43.62
site:bionixus.com,0,21,0%,43.9
top pharmaceutical market research companies uk,0,21,0%,47.52
gcc mental health software devices market,0,21,0%,48.38
healthcare market access,0,21,0%,51.52
china theranostics market,0,21,0%,52.81
gcc medical imaging software market,0,21,0%,53.57
southeast asia healthcare market research,0,21,0%,54.24
gcc nasal spray market,0,21,0%,55.19
gcc voice prosthesis devices market,0,21,0%,57.57
healthcare market research latam,0,21,0%,57.57
gcc microarray market,0,21,0%,58.95
gcc medical imaging workstations market,0,21,0%,64.71
gcc hospital services market,0,21,0%,65.57
market access pricing,0,21,0%,68.57
gcc softgel capsule market,0,21,0%,71.33
france clinical data analytics market,0,21,0%,75.57
key opinion leader mapping,0,21,0%,77.57
top 10 pharmaceutical companies in uae,0,20,0%,4.15
bionix,0,20,0%,6.45
pharma companies dubai,0,20,0%,13.6
market research companies,0,20,0%,17.5
gcc porokeratosis market,0,20,0%,26.85
multinational pharmaceutical companies in kuwait,0,20,0%,27
gcc chatbots market,0,20,0%,36.55
india biologics market,0,20,0%,37.9
gcc medical x ray market,0,20,0%,43.55
best pharmaceutical market research companies uk,0,20,0%,46.45
quantitative market research for pharma,0,20,0%,47.65
gcc endoscopic ultrasound needles market,0,20,0%,47.9
lichen nitidus treatment market,0,20,0%,52.45
gcc stethoscope market,0,20,0%,57
gcc mental health market,0,20,0%,61.3
gcc epigenetics drugs diagnostic technologies market,0,20,0%,62.9
gcc computer vision healthcare market,0,20,0%,68.7
gcc sturge weber syndrome market,0,20,0%,73.55
gcc compression therapy market,0,20,0%,74.95
cercarial dermatitis market,0,20,0%,75.2
global market access consultants,0,20,0%,77.25
gcc addiction treatment market,0,20,0%,77.4
gcc smokeless tobacco treatment market,0,20,0%,79.05
gcc-market agencies regional expertise proof uae brands,0,19,0%,4.79
brazilian healthcare and pharmaceuticals market structure 2026,0,19,0%,5.37
"generic pharmaceutical manufacturing (mena) (السعودية or مصر or ليبيا or 
السودان or الأردن or لبنان or العراق) اتجاهات الصناعة 2026",0,19,0%,5.37
"""nupco"" tender ""conference"" or ""event"" 2026",0,19,0%,7.32
bahrain pharma company,0,19,0%,7.42
list of pharmaceutical companies in saudi arabia,0,19,0%,9.32
tirzepatide bahrain,0,19,0%,11.26
school market research uae,0,19,0%,13.21
european medicine exporting company saudi arabia,0,19,0%,15.47
gcc emergency medical device services market,0,19,0%,17.26
german pharma export logistics kuwait,0,19,0%,18.53
saudi arabia pharma companies,0,19,0%,19.68
kol network map,0,19,0%,30.58
gcc autorefractor market,0,19,0%,41.84
gcc medical washer disinfectors market,0,19,0%,44.11
saudi arabia patient engagement solutions market,0,19,0%,52.11
"europe, the middle east and africa cell counting market",0,19,0%,52.95
france preclinical cro market,0,19,0%,55.26
gcc structural heart devices market,0,19,0%,57.63
top 10 healthcare market research companies uk,0,19,0%,58.68
keratolytic agent market,0,19,0%,61.53
gcc immunofluorescence assay market,0,19,0%,62.11
gcc healthcare iot security market,0,19,0%,65.68
gcc peripheral neuropathy market,0,19,0%,73.21
gcc central venous catheter market,0,19,0%,74.37
gcc epilepsy surgery market,0,19,0%,76.37
healthcare research solutions,0,19,0%,77.68
gcc transdermal drug delivery systems market,0,19,0%,79.79
biopharma market access consulting,0,19,0%,84.58
top healthcare companies middle east 2026,0,18,0%,3.5
camizestrant pdufa,0,18,0%,8.11
iqvia alternatives,0,18,0%,9.11
sfda drug registration,0,18,0%,12.33
medical device market access in korea,0,18,0%,21.89
gcc specialty medical chairs market,0,18,0%,25.33
what is rwe in pharma,0,18,0%,25.83
singapore ivd market access,0,18,0%,31.11
qualitative healthcare market research,0,18,0%,33.83
pharma logistics companies in uae,0,18,0%,34.44
italy medical device market,0,18,0%,37.33
gcc recombinant vaccines market,0,18,0%,40.17
medical market research companies,0,18,0%,40.56
gcc ophthalmic drugs devices market,0,18,0%,46.44
saudi arabia laboratory automation market,0,18,0%,47.83
gcc heparin market,0,18,0%,49.33
gcc vasomotor symptoms market,0,18,0%,50.78
gcc medical lasers market,0,18,0%,53.17
gcc vascular embolization market,0,18,0%,53.83
gcc biliary catheters market,0,18,0%,58.33
pharmaceutical market research company,0,18,0%,58.94
gcc neonatal intensive care market,0,18,0%,61.17
pharmacelsus gmbh,0,18,0%,62.28
pharmaceutical elixir market,0,18,0%,64.28
saudi arabia next generation sequencing market,0,18,0%,64.67
kol profiling services,0,18,0%,65.78
aromatase excess syndrome market,0,18,0%,66.5
gcc medical bionic implant artificial organs market,0,18,0%,66.5
gcc myasthenia gravis market,0,18,0%,70.17
france biotechnology pharmaceutical services outsourcing market,0,18,0%,74.39
gcc electronic skin patches market,0,18,0%,75.11
uk healthcare regulatory affairs outsourcing market,0,18,0%,75.94
gcc integrated operating room management systems market,0,18,0%,76
gcc healthcare cyber security market,0,18,0%,76.28
"""singapore"" (""pdpa"" or ""medical tourism"" or ""advertising"") (regulation or 
licensing or ""hsa"") 2026",0,17,0%,5.35
top 20 pharmaceutical companies in saudi arabia,0,17,0%,6.12
top pharmaceutical companies in uae,0,17,0%,6.12
"""opzelura"" ""saudi arabia"" ""sfda""",0,17,0%,6.35
top pharmaceutical companies in egypt,0,17,0%,6.71
pharmaceutical companies qatar,0,17,0%,7.82
uae pharma companies,0,17,0%,8.18
multinational pharma in saudi,0,17,0%,8.35
oman pharmaceuticals,0,17,0%,8.82
market research in egypt,0,17,0%,11.24
european medicine exporting firm saudi arabia,0,17,0%,12.47
size of mena pharma market,0,17,0%,12.88
city hypermarket gcc announcement 2026,0,17,0%,16.29
city hypermarket gcc partnership launch 2026,0,17,0%,18.29
medical device market research korea,0,17,0%,18.47
hcp marketing in mena,0,17,0%,19.29
united arab emirates pharmaceuticals,0,17,0%,22.41
japan functional service providers market,0,17,0%,23.53
oncology kol data,0,17,0%,24.59
pharma packaging companies in uae,0,17,0%,29.53
gcc hemangioblastoma market,0,17,0%,30.94
gcc healthcare,0,17,0%,32.71
gcc medical tourism market,0,17,0%,36.65
italy portable diagnostic devices market,0,17,0%,39.59
"europe, middle east & africa healthcare archiving and ediscovery market",0,17,0%,40.06
japan medical automation market,0,17,0%,41.06
neurofibromatosis drug market,0,17,0%,41.88
gcc rapid diagnostics market,0,17,0%,43.65
medical device market research japan,0,17,0%,46.06
japan gynecological devices instruments market,0,17,0%,48.71
healthcare marketing research agencies,0,17,0%,48.76
market research italy,0,17,0%,51.24
gcc tmj implants market,0,17,0%,51.47
gcc heart pump devices market,0,17,0%,52.71
top 10 pharmaceutical market research companies uk,0,17,0%,52.94
gcc connected healthcare market,0,17,0%,53
saudi arabia cognitive health supplements market,0,17,0%,54.35
saudi arabia general surgical devices market,0,17,0%,54.59
saudi arabia active pharmaceutical ingredients (api) market,0,17,0%,61.65
medical research and innovation consulting services market,0,17,0%,62.94
gcc fetal neonatal care equipment market,0,17,0%,69.18
gcc empty capsule market,0,17,0%,70.18
what is kol mapping,0,17,0%,70.71
italy emergency medical device services market,0,17,0%,71.53
gcc biometrics market,0,17,0%,72.82
gcc soft tissue repair market,0,17,0%,82.76
biopharma market access consultants,0,17,0%,85.35
saudi life science strategy consulting,0,17,0%,85.88
kantar§egypt§market§research,0,16,0%,8.25
jordan healthcare industry overview msme,0,16,0%,8.69
medicine company in dubai,0,16,0%,11
dubai pharma company,0,16,0%,11.81
uae s top life sciences companies,0,16,0%,17.25
pharma companies in saudi arabia,0,16,0%,17.81
stakeholder mapping pharma,0,16,0%,23.06
medical device market access in india,0,16,0%,30.56
gcc brugada syndrome market,0,16,0%,40.81
sulfonylurea market,0,16,0%,43.81
gcc herbal medicinal products market,0,16,0%,46.56
italy precision medical device market,0,16,0%,48.44
italy medical disposables market,0,16,0%,48.56
saudi arabia maternal healthcare products market,0,16,0%,53
saudi arabia clinical nutrition market,0,16,0%,59.25
gcc radioligand therapy market,0,16,0%,60.5
healthcare qualitative research company,0,16,0%,61.12
gcc medical terminology software market,0,16,0%,62.44
market access strategy pharmaceutical,0,16,0%,64.81
saudi arabia pharmaceutical packaging market,0,16,0%,65.56
china medical device market,0,16,0%,66.31
gcc formulation development outsourcing market,0,16,0%,66.44
saudi arabia botulinum toxin market,0,16,0%,67
gcc ventricular assist devices market,0,16,0%,67.12
gcc internet medical things market,0,16,0%,67.25
gcc ent treatment market,0,16,0%,69.69
china personalized medicine market,0,16,0%,71.88
china portable diagnostic devices market,0,16,0%,79.12
china medical device market access,0,16,0%,84.38
life sciences competitive intelligence,0,16,0%,89.31
top pharma companies in uae,0,15,0%,4.93
"(""hta regulation"" or ""eu htar"" or ""joint clinical assessment"" or ""jca"" or 
""joint scientific consultation"") and (""rare disease"" or ""atmp"" or 
""oncology"") and (""pico"" or ""reimbursement"")",0,15,0%,6.47
"what are the best alternatives to iqvia for pharmaceutical commercial 
intelligence?",0,15,0%,11.07
pharmaceuticals dubai,0,15,0%,17.47
pharma ai chatbots,0,15,0%,20.33
biotech research companies,0,15,0%,21.27
maxdiff vs conjoint,0,15,0%,25.8
clinical quantitative method service,0,15,0%,27.73
gcc ultrasound gastroscopes market,0,15,0%,28.8
pharmaceutical supply chain export oman,0,15,0%,29.07
spain pharmaceutical market,0,15,0%,31.27
united kingdom diabetes market,0,15,0%,36.47
gcc creutzfeldt jakob disease market,0,15,0%,39.67
healthcare market research services,0,15,0%,39.8
india biologic therapy market,0,15,0%,40.33
japan neurology devices market,0,15,0%,47.93
japan high throughput screening market,0,15,0%,48.6
italy refurbished medical devices market,0,15,0%,54.33
gcc laboratory informatics market,0,15,0%,56.27
market access healthcare,0,15,0%,57.47
italy medical device connectivity market,0,15,0%,59.53
italy medical automation market,0,15,0%,62.4
health technology assessment accelerator,0,15,0%,64.27
spain nanomedicine market,0,15,0%,65.47
italy medical device second opinion market,0,15,0%,67.13
gcc corneal cross linking devices market,0,15,0%,71.93
market access consulting company,0,15,0%,75.8
france singleplex immunoassay market,0,15,0%,82.93
"""ruxolitinib cream"" ""saudi food and drug authority""",0,14,0%,3.21
gulf states pharmacy,0,14,0%,3.86
pharmaceutical companies uae,0,14,0%,7.79
pharma company in qatar,0,14,0%,8.79
شركات الادوية في قطر,0,14,0%,9.71
healthcare market research methodology standards,0,14,0%,10.36
bahrain pharmaceuticals,0,14,0%,10.64
oncology market research,0,14,0%,15.64
pharma companies in dubai healthcare city,0,14,0%,15.71
pharmaceutical distribution companies in uae,0,14,0%,17.21
pharmaceutical companies in dubai healthcare city,0,14,0%,21
marktforschungsunternehmen vae,0,14,0%,22.5
market research companies in kuwait,0,14,0%,22.71
ai chatbots for pharma,0,14,0%,23
india diabetes market,0,14,0%,28.21
marktforschung gesundheitswesen,0,14,0%,33.86
pharma rwe,0,14,0%,35.79
germany functional service providers market,0,14,0%,37.43
gcc healthcare industry,0,14,0%,38.29
uk medical devices market,0,14,0%,45
kol identification service,0,14,0%,46.64
plexiform neurofibromas treatment market,0,14,0%,46.86
gcc neurorehabilitation gaming systems market,0,14,0%,50.79
gcc nontuberculous mycobacteria market,0,14,0%,52.29
top healthcare market research companies in the world,0,14,0%,54.07
gcc nuclear magnetic resonance spectroscopy market,0,14,0%,59.64
gcc radiofrequency ablation devices market,0,14,0%,62.86
gcc health supplements market,0,14,0%,63.14
gcc scoliosis treatment market,0,14,0%,63.21
gcc near infrared imaging market,0,14,0%,64.57
market access pharma consulting,0,14,0%,65.36
uk medical device connectivity market,0,14,0%,66.21
pharma market access consulting,0,14,0%,68.43
uk high throughput screening market,0,14,0%,71.86
barth syndrome treatment market,0,14,0%,76.36
gcc nerve regeneration market,0,14,0%,76.79
gcc vitamin d testing market,0,14,0%,79.21
gcc needle free injection market,0,14,0%,86
market research solutions for pharma,0,14,0%,88.86
"(""digital health"" and ""telemedicine"") and (""pharma"" or ""healthcare"" or 
""pharmaceutical"")",0,13,0%,2.69
healthcare and pharmaceutical companies in brazil 2026,0,13,0%,5.92
awiqli insulin price in uae,0,13,0%,6.85
pharmaceutical manufacturing companies in qatar,0,13,0%,8.85
iqvia similar companies,0,13,0%,9.69
medicines export specialist bahrain,0,13,0%,10.46
pharmaceutical distributors in kuwait,0,13,0%,13.31
biopharma rwe,0,13,0%,20.31
pharmaceutical company in mena,0,13,0%,22.85
medical devices market,0,13,0%,27.69
list of pharmaceutical market research companies uk,0,13,0%,33.85
gcc wearable medical devices market,0,13,0%,34.38
saudi arabia pharmaceutical filtration market,0,13,0%,37
medical device market access in japan,0,13,0%,42.38
saudi arabia homeopathic supplements market,0,13,0%,42.77
saudi arabia point of care diagnostics market,0,13,0%,44.31
qatar nutraceuticals market,0,13,0%,46.31
japan medical device market access,0,13,0%,46.69
gcc gastritis treatment market,0,13,0%,46.92
biotech market intelligence,0,13,0%,47.46
gcc oral anticoagulants market,0,13,0%,50.15
spain biologic therapy market,0,13,0%,52.69
uk emergency medical device services market,0,13,0%,53.38
qualitative research company in healthcare,0,13,0%,54.92
gcc gene expression analysis market,0,13,0%,57.08
gcc facial injectors market,0,13,0%,60.38
gcc polycystic ovarian syndrome market,0,13,0%,61.62
immunomodulators market,0,13,0%,62
healthcare market research firm,0,13,0%,62.62
china medical devices,0,13,0%,62.92
gcc medical ventilator market,0,13,0%,64.85
gcc viscosupplementation market,0,13,0%,67.31
diabetes treatment market,0,13,0%,67.62
gcc 3d printing in healthcare market,0,13,0%,72.62
gcc body composition analyzers market,0,13,0%,73.15
gcc personal mobility devices market,0,13,0%,74.23
market access analytics platform,0,13,0%,75.69
gcc thyroid disorder market,0,13,0%,77.85
demand for oncologists in egypt 2026,0,12,0%,1.17
yes,0,12,0%,4.67
"""brand tracking"" -site:reddit.com -site:twitter.com -site:x.com 
-site:wykop.pl -site:tripadvisor.com -site:youtube.com -site:yelp.com 
-site:booking.com -site:facebook.com -site:instagram.com -site:tiktok.com",0,12,0%,6.58
"""diabetes centre abu dhabi​​"" -site:reddit.com -site:twitter.com 
-site:x.com -site:wykop.pl -site:tripadvisor.com -site:youtube.com 
-site:yelp.com -site:booking.com -site:facebook.com -site:instagram.com 
-site:tiktok.com",0,12,0%,6.75
"(""crdmo"" or ""cdmo"" or ""contract manufacturing"" or ""outsourced pharma"") and 
(""pharmaceutical"" or ""biotech"" or ""biologics"") and (""expansion"" or ""m&a"" or 
""acquisition"" or ""facility opening"" or ""investment"" or ""biosecure act"" or 
""supply chain"")",0,12,0%,7
baxfendy fda approval date,0,12,0%,8.75
top pharmaceutical companies in egypt 2026,0,12,0%,9.17
pharmaceutical company in kuwait,0,12,0%,9.58
pharma medical company,0,12,0%,10.08
pharmaceutical industry in egypt,0,12,0%,10.42
neurofibromatosis market,0,12,0%,11.25
drug manufacturing companies in uae,0,12,0%,13
oman healthcare it market,0,12,0%,21.25
sfda biosimilar,0,12,0%,26.17
conjoint vs maxdiff,0,12,0%,28.42
export medicines global markets bahrain,0,12,0%,30.42
hub pharmaceutique europe,0,12,0%,31.25
quantitative absorptiometer market,0,12,0%,33.25
market research saudi,0,12,0%,36.08
gcc colorimeters market,0,12,0%,41.83
gcc in-vitro diagnostic devices market,0,12,0%,41.92
nixus international,0,12,0%,46.08
gcc intracranial hemorrhage diagnosis treatment market,0,12,0%,48.5
kol identification and mapping,0,12,0%,49.58
gcc paroxysmal supraventricular tachycardia market,0,12,0%,49.67
gcc diabetes care devices market,0,12,0%,50
gcc percutaneous coronary intervention market,0,12,0%,50.42
gcc surgical scalpel market,0,12,0%,50.5
market access healthcare agency,0,12,0%,52.08
gcc cardiac rhythm management devices market,0,12,0%,55.33
gcc thyroid test market,0,12,0%,55.5
top healthcare market research companies uk,0,12,0%,59.5
market access strategy consulting pharma,0,12,0%,61.67
best healthcare market research uk,0,12,0%,61.83
gcc brucellosis market,0,12,0%,64.58
gcc construction wearables market,0,12,0%,67.33
gcc artificial neural network market,0,12,0%,69.75
life sciences case studies,0,12,0%,71.83
market access medtech,0,12,0%,76.67
campomelic syndrome treatment market,0,12,0%,77.83
china precision medical device market,0,12,0%,78.08
raine syndrome market,0,12,0%,87.5
"""diabetes hospital abu dhabi​​"" -site:reddit.com -site:twitter.com 
-site:x.com -site:wykop.pl -site:tripadvisor.com -site:youtube.com 
-site:yelp.com -site:booking.com -site:facebook.com -site:instagram.com 
-site:tiktok.com",0,11,0%,5.55
1309 coffeen avenue ste 1200 sheridan wy 82801 owner,0,11,0%,6.73
pharmaceutical company in uae,0,11,0%,6.73
pharma egypt,0,11,0%,7.64
arab api company project,0,11,0%,8.45
top automotive chains in egypt,0,11,0%,9.45
#0b1f3a,0,11,0%,9.73
biotech companies in qatar,0,11,0%,10.09
biopharmaceutical companies uae,0,11,0%,12.82
pharma companies uae,0,11,0%,14.27
export of pharmaceuticals bahrain,0,11,0%,19.45
pharma industry in saudi arabia,0,11,0%,24
saudi arabia automotive radar market,0,11,0%,27
saudi arabia automotive sensors market,0,11,0%,39
pharma research,0,11,0%,40
top pharmaceutical market research companies,0,11,0%,40.18
top healthcare research institutes uae,0,11,0%,42.55
saudi arabia healthcare crm market,0,11,0%,45.45
saudi arabia pain management drugs market,0,11,0%,47
gcc electrotherapy market,0,11,0%,47.55
italy preclinical cro market,0,11,0%,51.82
medical industry market,0,11,0%,53.18
gcc medical image management market,0,11,0%,54
mek inhibitors market,0,11,0%,54.82
gcc keytruda market,0,11,0%,55.73
middle east biomaterials market,0,11,0%,56.09
turkey vaccine market,0,11,0%,57.55
gcc radiopharmaceuticals market,0,11,0%,58.45
gcc peripheral nerve stimulators market,0,11,0%,59.36
gcc teledermatology market,0,11,0%,60.36
gcc intracranial pressure monitoring market,0,11,0%,61
spain biochips market,0,11,0%,61.55
japan microservices healthcare market,0,11,0%,61.64
best healthcare market research companies,0,11,0%,61.82
gcc cancer immunotherapy market,0,11,0%,61.91
france high throughput screening market,0,11,0%,63.55
gcc positron emission tomography devices market,0,11,0%,65.36
pricing market access,0,11,0%,65.73
gcc real time pcr qpcr market,0,11,0%,66.09
gcc disposable hospital supplies market,0,11,0%,67.82
japan ivd contract manufacturing market,0,11,0%,68.36
japan std testing devices market,0,11,0%,70.27
japan medical device cleaning market,0,11,0%,70.64
china medical device connectivity market,0,11,0%,72.36
gcc cardiovascular information system market,0,11,0%,72.64
ai-powered chatbot solutions for pharma customer service,0,11,0%,73.45