ID,Section,File,Field,English,Translation_rule,de,fr,es,pt,ru,zh,ar,de_status,other_langs_status
1,Compliance ribbon,PremiumComplianceRibbon.tsx,badge,EMA Aligned,Expand EMA,Ausgerichtet an der Europäischen Arzneimittel-Agentur,Aligné sur l’Agence européenne des médicaments,Alineado con la Agencia Europea de Medicamentos,Alinhado à Agência Europeia de Medicamentos,Соответствие Европейскому агентству лекарственных средств,符合欧洲药品管理局要求,متوافق مع الوكالة الأوروبية للأدوية,revised-full-native,revised-full-native
2,Compliance ribbon,PremiumComplianceRibbon.tsx,badge,GDPR Compliant,Expand GDPR,Konform mit der Datenschutz-Grundverordnung,Conforme au Règlement général sur la protection des données,Conforme al Reglamento General de Protección de Datos,Em conformidade com o Regulamento Geral de Proteção de Dados,Соответствие Общему регламенту по защите данных,符合《通用数据保护条例》,متوافق مع اللائحة العامة لحماية البيانات,revised-full-native,revised-full-native
3,Compliance ribbon,PremiumComplianceRibbon.tsx,badge,FDA Compliant,Expand FDA (Saudi SFDA context on site),Konform mit der saudi-arabischen Lebensmittel- und Arzneimittelbehörde,Conforme à l’Autorité saoudienne des aliments et des médicaments,Conforme con la Autoridad Saudí de Alimentos y Medicamentos,Em conformidade com a Autoridade Saudita de Alimentos e Medicamentos,Соответствие Управлению по контролю за продуктами и лекарствами Саудовской Аравии,符合沙特阿拉伯食品药品管理局要求,متوافق مع الهيئة العامة للغذاء والدواء في السعودية,revised-full-native,revised-full-native
4,Compliance ribbon,PremiumComplianceRibbon.tsx,badge,MOHAP Compliant,Expand MOHAP,Konform mit dem Gesundheitsministerium der Vereinigten Arabischen Emirate,Conforme au ministère de la Santé des Émirats arabes unis,Conforme con el Ministerio de Salud de los Emiratos Árabes Unidos,Em conformidade com o Ministério da Saúde dos Emirados Árabes Unidos,Соответствие Министерству здравоохранения Объединённых Арабских Эмиратов,符合阿联酋卫生部要求,متوافق مع وزارة الصحة ووقاية المجتمع في الإمارات,revised-full-native,revised-full-native
5,Compliance ribbon,PremiumComplianceRibbon.tsx,badge,GCP Standards,Expand GCP,Standards Guter Klinischer Praxis,Normes de Bonnes Pratiques Cliniques,Estándares de Buenas Prácticas Clínicas,Padrões de Boas Práticas Clínicas,Стандарты Надлежащей клинической практики,良好临床规范标准,معايير ممارسات التصنيع السريري الجيدة,revised-full-native,revised-full-native
6,Hero dashboard,PremiumHeroDashboard.tsx,heading,Market Intelligence Dashboard,No English loanwords,Marktinformations-Dashboard,Tableau de bord d’information marché,Panel de información de mercado,Painel de informações de mercado,Панель рыночной информации,市场信息仪表盘,لوحة معلومات السوق,revised-full-native,revised-full-native
7,Hero dashboard,PremiumHeroDashboard.tsx,status,Live,Translate UI label,Aktuell,En direct,En vivo,Ao vivo,Актуально,实时,مباشر,revised-full-native,revised-full-native
8,Hero dashboard,PremiumHeroDashboard.tsx,callout_value,~$1.8T,Keep numeric,"~1,8 Bio. USD","~1,8 bill. USD","~1,8 bill. USD","~US$ 1,8 tri","~1,8 трln USD",约一点八万亿美元,~١.٨ تريليون دولار,revised-full-native,revised-full-native
9,Hero dashboard,PremiumHeroDashboard.tsx,callout_label,Global Pharma Market (2026E),Pharma → native; E → Prognose,Globaler Arzneimittelmarkt (Prognose 2026),Marché mondial des médicaments (estimation 2026),Mercado farmacéutico global (estimación 2026),Mercado farmacêutico global (estimativa 2026),Глобальный фармацевтический рынок (прогноз 2026),全球医药市场（二〇二六年预测）,السوق الدوائي العالمي (تقدير ٢٠٢٦),revised-full-native,revised-full-native
10,Hero dashboard,PremiumHeroDashboard.tsx,callout_cagr,↑ ~6% CAGR 2024–2026,Expand CAGR,↑ ~6 % durchschnittliche jährliche Wachstumsrate 2024–2026,↑ ~6 % taux de croissance annuel composé 2024–2026,↑ ~6 % tasa de crecimiento anual compuesta 2024–2026,↑ ~6% taxa de crescimento anual composta 2024–2026,↑ ~6% среднегодовой темп роста 2024–2026,↑ 约百分之六复合年增长率 二〇二四至二〇二六,↑ ~٦% معدل النمو السنوي المركب ٢٠٢٤–٢٠٢٦,revised-full-native,revised-full-native
11,Hero dashboard,PremiumHeroDashboard.tsx,legend,Global benchmark,No Benchmark loanword,Globale Referenz,Référence mondiale,Referencia global,Referência global,Глобальный ориентир,全球参照基准,معيار عالمي,revised-full-native,revised-full-native
12,Hero dashboard,PremiumHeroDashboard.tsx,legend,Regional depth,Full translation,Regionale Markttiefe,Profondeur régionale,Profundidad regional,Profundidade regional,Региональная глубина,区域深度,عمق إقليمي,revised-full-native,revised-full-native
13,Hero dashboard,PremiumHeroDashboard.tsx,metric_label,Global Pharma,Pharma → Arzneimittel,Globaler Arzneimittelmarkt,Médicaments — monde,Fármacos — global,Medicamentos — global,Мировые лекарства,全球医药,الأدوية — عالمياً,revised-full-native,revised-full-native
14,Hero dashboard,PremiumHeroDashboard.tsx,metric_sub,2026E market,E → Prognose,Marktprognose 2026,Marché estimé 2026,Mercado estimado 2026,Mercado estimado 2026,Прогноз рынка 2026,二〇二六年预测市场,تقدير السوق ٢٠٢٦,revised-full-native,revised-full-native
15,Hero dashboard,PremiumHeroDashboard.tsx,metric_label,Americas Pharma,Expand region + pharma,Arzneimittelmarkt Amerika,Médicaments — Amériques,Fármacos — Américas,Medicamentos — Américas,Лекарства — Америка,美洲医药市场,الأدوية — الأمريكتان,revised-full-native,revised-full-native
16,Hero dashboard,PremiumHeroDashboard.tsx,metric_label,APAC Pharma,Expand APAC,Arzneimittelmarkt Asien und Pazifik,Médicaments — Asie et Pacifique,Fármacos — Asia y Pacífico,Medicamentos — Ásia e Pacífico,Лекарства — Азия и Тихий океан,亚太医药市场,الأدوية — آسيا والمحيط الهادئ,revised-full-native,revised-full-native
17,Global reach,GlobalReachSection.tsx,signal,6 continents · 38 countries,Full translation,6 Kontinente · 38 Länder,6 continents · 38 pays,6 continentes · 38 países,6 continentes · 38 países,6 континентов · 38 стран,六大洲 · 三十八个国家,٦ قارات · ٣٨ دولة,revised-full-native,revised-full-native
18,Global reach,GlobalReachSection.tsx,signal,Pharma & healthcare — where we lead,No Pharma/Healthcare English,Pharmazeutik und Gesundheitswesen — wo wir führend sind,Médicaments et santé — notre cœur de métier,Medicamentos y sanidad — donde lideramos,Medicamentos e saúde — onde lideramos,Лекарства и здравоохранение — наше ядро,医药与健康 — 我们的核心优势,الأدوية والرعاية الصحية — حيث نتصدر,revised-full-native,revised-full-native
19,Global reach,GlobalReachSection.tsx,signal,Enterprise & consumer research,No B2B shorthand in DE,Forschung für Unternehmen und Verbraucher,Recherche entreprises et consommateurs,Investigación empresarial y de consumo,Pesquisa empresarial e de consumo,Исследования для предприятий и потребителей,企业与消费者研究,أبحاث المؤسسات والمستهلكين,revised-full-native,revised-full-native
20,Global reach,GlobalReachSection.tsx,signal,GDPR · GCP · local regulatory alignment,Expand acronyms,Datenschutz-Grundverordnung · Gute Klinische Praxis · lokale Regulierungskonformität,RGPD · Bonnes Pratiques Cliniques · alignement réglementaire local,RGPD · Buenas Prácticas Clínicas · alineamiento regulatorio local,Proteção de dados · Boas Práticas Clínicas · conformidade regulatória local,Защита данных · Надлежащая клиническая практика · соответствие местным нормам,数据保护条例 · 良好临床规范 · 本地监管合规,حماية البيانات · ممارسات التصنيع السريري · التوافق التنظيمي المحلي,revised-full-native,revised-full-native
21,Industries gateway,IndustriesGatewaySection.tsx,h2,Beyond healthcare — research across industries,Healthcare → Gesundheitswesen,Über das Gesundheitswesen hinaus — Forschung in allen Branchen,Au-delà de la santé — recherche dans tous les secteurs,Más allá de la sanidad — investigación en todos los sectores,Além da saúde — pesquisa em todos os setores,За пределами здравоохранения — исследования во всех отраслях,超越医疗健康 — 跨行业研究,ما وراء الرعاية الصحية — أبحاث في جميع القطاعات,revised-full-native,revised-full-native
22,Industries gateway,IndustriesGatewaySection.tsx,intro,The same sampling discipline and senior-led analysis we built for pharma now extends to B2B and B2C markets.,Pharma/B2B/B2C fully native,"Dieselbe Stichprobenmethodik und von erfahrenen Analysten geleitete Auswertung, die wir für die Pharmaindustrie entwickelt haben, gilt jetzt auch für Geschäfts- und Privatkundenmärkte.","La même rigueur d’échantillonnage et la même analyse pilotée par des experts, développées pour l’industrie pharmaceutique, s’étendent désormais aux marchés entreprises et consommateurs.",La misma disciplina de muestreo y el análisis liderado por expertos que creamos para la industria farmacéutica se extiende ahora a mercados empresariales y de consumo.,A mesma disciplina de amostragem e análise liderada por especialistas que construímos para a indústria farmacêutica agora se estende aos mercados corporativos e de consumo.,"Та же дисциплина выборки и экспертный анализ, созданные для фармацевтики, теперь распространяются на корпоративные и потребительские рынки.",我们在制药行业建立的抽样规范与资深分析师主导的方法，现已延伸至企业市场与消费者市场。,نفس انضباط العيّنة والتحليل بقيادة خبراء كبار الذي بنيناه للصناعة الدوائية يمتد الآن إلى أسواق الشركات والمستهلكين.,revised-full-native,revised-full-native
23,Industries gateway,IndustriesGatewaySection.tsx,stat_label,Projects across industries,Auto-expanded acronyms/loanwords — native review required,Projekte branchenübergreifend,Projets multi-secteurs,Proyectos multisectoriales,Projetos multisectoriais,Проекты по отраслям,跨行业项目,مشاريع عبر القطاعات,carry-forward-review,needs-review
24,Industries gateway,IndustriesGatewaySection.tsx,stat_label,Industry verticals,Auto-expanded acronyms/loanwords — native review required,Branchenvertikalen,Verticales sectorielles,Verticales industriales,Verticais setoriais,Отраслевые вертикали,行业垂直领域,قطاعات صناعية,carry-forward-review,needs-review
25,Industries gateway,IndustriesGatewaySection.tsx,stat_label,GCC/MENA markets with industry pages,Expand GCC + MENA,Märkte des Golf-Kooperationsrats und des Nahen Ostens und Nordafrikas mit Branchenseiten,Marchés du Conseil de coopération du Golfe et du Moyen-Orient et de l’Afrique du Nord avec pages sectorielles,Mercados del Consejo de Cooperación del Golfo y de Oriente Medio y Norte de África con páginas sectoriales,Mercados do Conselho de Cooperação do Golfo e do Oriente Médio e Norte da África com páginas setoriais,Рынки Совета сотрудничества стран Залива и Ближнего Востока и Северной Африки со страницами отраслей,海湾合作委员会与中东和北非市场行业页面,أسواق مجلس التعاون الخليجي والشرق الأوسط وشمال أفريقيا بصفحات قطاعية,revised-full-native,revised-full-native
26,Industries gateway,IndustriesGatewaySection.tsx,link,Explore all industries,Auto-expanded acronyms/loanwords — native review required,Alle Branchen entdecken,Explorer tous les secteurs,Explorar todas las industrias,Explorar todos os setores,Изучить все отрасли,探索全部行业,استكشف جميع القطاعات,carry-forward-review,needs-review
27,Industries gateway,IndustriesGatewaySection.tsx,link,Read B2B & B2C industry insights,Auto-expanded acronyms/loanwords — native review required,Geschäftskunden- & Privatkunden-Brancheninsights lesen,Lire les insights entreprises & consommateurs,Leer insights empresarial y consumo,Ler insights corporativo e consumo,Читать отраслевую аналитику корпоратив и потребитель,阅读 企业 与 消费者 行业洞察,اقرأ رؤى قطاعات الشركات و المستهلكين,auto-revised,needs-review
28,Industries gateway,IndustriesGatewaySection.tsx,link_template,Explore {segment},Auto-expanded acronyms/loanwords — native review required,Entdecken: {segment},Explorer {segment},Explorar {segment},Explorar {segment},Изучить {segment},探索 {segment},استكشف {segment},carry-forward-review,needs-review
29,Industries gateway,bionixusIndustrySegments.ts,pharma_label,Pharma & Healthcare,Auto-expanded acronyms/loanwords — native review required,Pharmaindustrie & Gesundheitswesen,industrie pharmaceutique & santé,Farma y sanidad,Farma e saúde,Фарма и здравоохранение,医药与健康,الأدوية والرعاية الصحية,auto-revised,needs-review
30,Industries gateway,bionixusIndustrySegments.ts,pharma_tagline,Where BioNixus was built — and still leads.,Auto-expanded acronyms/loanwords — native review required,Wo BioNixus entstand — und weiterhin führt.,Là où BioNixus a été fondée — et où elle reste leader.,Donde nació BioNixus — y donde sigue liderando.,Onde a BioNixus nasceu — e ainda lidera.,Где BioNixus была создана — и где по-прежнему лидирует.,BioNixus 创立并持续领先之处。,حيث تأسست بيونكسس — وما زالت تقود.,carry-forward-review,needs-review
31,Industries gateway,bionixusIndustrySegments.ts,b2b_label,B2B Industries,Auto-expanded acronyms/loanwords — native review required,Geschäftskunden-Branchen,Secteurs entreprises,Industrias empresarial,Setores corporativo,корпоратив-отрасли,企业 行业,قطاعات الشركات,auto-revised,needs-review
32,Industries gateway,bionixusIndustrySegments.ts,b2b_tagline,"Enterprise, institutional, and infrastructure markets.",Auto-expanded acronyms/loanwords — native review required,"Unternehmens-, institutionelle und Infrastrukturmärkte.","Marchés entreprises, institutionnels et infrastructures.","Mercados empresariales, institucionales e infraestructura.","Mercados empresariais, institucionais e de infraestrutura.","Корпоративные, институциональные рынки и инфраструктура.",企业、机构与基础设施市场。,أسواق المؤسسات والبنية التحتية.,carry-forward-review,needs-review
33,Industries gateway,bionixusIndustrySegments.ts,b2c_label,B2C Industries,Auto-expanded acronyms/loanwords — native review required,Privatkunden-Branchen,Secteurs consommateurs,Industrias consumo,Setores consumo,потребитель-отрасли,消费者 行业,قطاعات المستهلكين,auto-revised,needs-review
34,Industries gateway,bionixusIndustrySegments.ts,b2c_tagline,"Consumer demand, brands, and the shopper journey.",Auto-expanded acronyms/loanwords — native review required,"Verbrauchernachfrage, Marken und Shopper Journey.","Demande consommateur, marques et parcours d'achat.","Demanda del consumidor, marcas y recorrido del comprador.","Demanda do consumidor, marcas e jornada do comprador.","Спрос потребителей, бренды и путь покупателя.",消费需求、品牌与购物路径。,الطلب الاستهلاكي والعلامات ورحلة المشتري.,carry-forward-review,needs-review
35,Pathways section,HomePathwaysSection.tsx,h2,Healthcare Research Pathways,Auto-expanded acronyms/loanwords — native review required,Gesundheitswesen-Forschungspfade,Parcours de recherche santé,Rutas de investigación sanitaria,Rotas de pesquisa em saúde,Направления исследований в здравоохранении,医疗健康研究路径,مسارات أبحاث الرعاية الصحية,auto-revised,needs-review
36,Pathways section,HomePathwaysSection.tsx,intro,"BioNixus runs healthcare market research globally — with country-level depth across the Americas, Europe, and the Middle East. Use these healthcare market research pathways for launch, market access, and growth. Compare methods in our market research hub.",Auto-expanded acronyms/loanwords — native review required,"BioNixus führt Gesundheitsmarktforschung weltweit durch — mit Länder-Tiefe in Amerika, Europa und Naher Osten. Nutzen Sie diese Pfade für Markteinführung, Marktzugang und Wachstum. Methoden vergleichen Sie in unserem Marktforschungs-Übersichtsbereich.","BioNixus mène des études de marché santé dans le monde — avec une profondeur pays en Amériques, Europe et Moyen-Orient. Utilisez ces parcours pour lancement, accès marché et croissance. Comparez les méthodes dans notre hub.","BioNixus ejecuta investigación de mercado sanitario a nivel global — con profundidad por país en Américas, Europa y Oriente Medio. Use estas rutas para lanzamiento, acceso y crecimiento. Compare métodos en nuestro hub.","A BioNixus conduz pesquisa de mercado em saúde globalmente — com profundidade por país nas Américas, Europa e Oriente Médio. Use estas rotas para lançamento, acesso e crescimento. Compare métodos no nosso hub.","BioNixus проводит исследования рынка здравоохранения по всему миру — с глубиной на уровне стран в Америке, Европе и на Ближнем Востоке. Используйте эти маршруты для запуска, доступа и роста. Сравните методы в нашем хабе.",BioNixus 在全球开展医疗健康市场研究 — 在美洲、欧洲与中东具备国家级深度。使用这些路径支持上市、准入与增长。请在我们的市场研究枢纽中比较方法。,تنفّذ بيونكسس أبحاث السوق الصحي عالمياً — بعمق على مستوى الدولة عبر الأمريكتين وأوروبا والشرق الأوسط. استخدم هذه المسارات للإطلاق والوصول والنمو. قارن المنهجيات في مركز أبحاث السوق.,auto-revised,needs-review
37,Pathways section,HomePathwaysSection.tsx,summary,More research pathways,Auto-expanded acronyms/loanwords — native review required,Weitere Forschungspfade,Plus de parcours de recherche,Más rutas de investigación,Mais rotas de pesquisa,Другие направления исследований,更多研究路径,مسارات بحث إضافية,carry-forward-review,needs-review
38,Pathways section,HomePathwaysSection.tsx,summary_count,{N} links,Auto-expanded acronyms/loanwords — native review required,{N} Links,{N} liens,{N} enlaces,{N} links,{N} ссылок,{N} 个链接,{N} روابط,carry-forward-review,needs-review
39,Pathway card 1,Index.tsx,title,Healthcare Market Research,Auto-expanded acronyms/loanwords — native review required,Gesundheitsmarktforschung,Études de marché santé,Investigación de mercado sanitario,Pesquisa de mercado em saúde,Исследования рынка здравоохранения,医疗健康市场研究,أبحاث السوق الصحي,carry-forward-review,needs-review
40,Pathway card 1,Index.tsx,description,"Decision-ready healthcare market research programs for pharmaceutical teams — globally, with deep execution in Europe, the Americas, and the Middle East.",Auto-expanded acronyms/loanwords — native review required,"Entscheidungsreife Gesundheitsmarktforschung für Pharmaindustrie-Teams — global, mit starker Umsetzung in Europa, Amerika und Nahem Osten.","Programmes d'études de marché santé prêts à la décision pour équipes industrie pharmaceutique — mondialement, avec exécution approfondie en Europe, Amériques et Moyen-Orient.","Programas de investigación sanitaria listos para decisiones — globalmente, con ejecución profunda en Europa, Américas y Oriente Medio.","Programas de pesquisa em saúde prontos para decisão — globalmente, com execução profunda na Europa, Américas e Oriente Médio.","Готовые к решениям программы исследований для фармкоманд — глобально, с глубоким исполнением в Европе, Америке и на Ближнем Востоке.",为制药团队提供可决策的医疗健康市场研究 — 全球覆盖，在欧洲、美洲与中东深度执行。,برامج أبحاث سوق صحي جاهزة للقرار — عالمياً، بتنفيذ عميق في أوروبا والأمريكتين والشرق الأوسط.,auto-revised,needs-review
41,Pathway card 2,Index.tsx,title,Saudi Arabia Pharmaceutical Research,Auto-expanded acronyms/loanwords — native review required,Pharmaindustriezeutische Forschung Saudi-Arabien,Recherche industrie pharmaceutiqueceutique Arabie saoudite,Investigación farmacéutica Arabia Saudí,Pesquisa farmacêutica Arábia Saudita,Фармацевтические исследования в Саудовской Аравии,沙特阿拉伯医药研究,أبحاث الأدوية في السعودية,auto-revised,needs-review
42,Pathway card 2,Index.tsx,label,Country-Level Depth,Auto-expanded acronyms/loanwords — native review required,Länder-Tiefe,Profondeur pays,Profundidad por país,Profundidade por país,Глубина на уровне страны,国家级深度,عمق على مستوى الدولة,carry-forward-review,needs-review
43,Pathway card 2,Index.tsx,description,"FDA-aligned pharmaceutical and healthcare market research intelligence for launch, access, and growth in KSA.",Auto-expanded acronyms/loanwords — native review required,"saudi-arabische Arzneimittelbehörde-ausgerichtete Pharmaindustrie- und Gesundheitsmarkt-Marktinformationen für Markteinführung, Zugang und Wachstum in Saudi-Arabien.","information marché industrie pharmaceutique et santé alignée FDA pour lancement, accès et croissance en Arabie saoudite.","Inteligencia farmacéutica y sanitaria alineada con FDA para lanzamiento, acceso y crecimiento en Arabia Saudí.","Inteligência farmacêutica e de saúde alinhada à FDA para lançamento, acesso e crescimento na Arábia Saudita.","Фарма- и медицинская аналитика в соответствии с FDA для запуска, доступа и роста в Саудовская Аравия.",符合 沙特食品药品管理局 框架的医药与健康市场情报，支持沙特上市、准入与增长。,ذكاء دوائي وصحي متوافق مع هيئة الغذاء والدواء السعودية للإطلاق والوصول والنمو في المملكة.,auto-revised,needs-review
44,Pathway card 2,Index.tsx,hint,Best for country-level execution,Auto-expanded acronyms/loanwords — native review required,Ideal für länderbezogene Umsetzung,Idéal pour exécution au niveau pays,Ideal para ejecución por país,Ideal para execução por país,Лучше для исполнения на уровне страны,最适合国家级执行,الأفضل للتنفيذ على مستوى الدولة,carry-forward-review,needs-review
45,Pathway card 3,Index.tsx,title,UAE Pharmaceutical Market Research,Auto-expanded acronyms/loanwords — native review required,Pharmaindustriemarktforschung Vereinigte Arabische Emirate,Études industrie pharmaceutique EAU,Investigación farmacéutica EAU,Pesquisa farmacêutica EAU,Фармацевтические исследования в ОАЭ,阿联酋医药市场研究,أبحاث السوق الدوائي في الإمارات,auto-revised,needs-review
46,Pathway card 3,Index.tsx,label,UAE Priority,Auto-expanded acronyms/loanwords — native review required,Vereinigte Arabische Emirate-Priorität,Priorité EAU,Prioridad EAU,Prioridade EAU,Приоритет ОАЭ,阿联酋优先,أولوية الإمارات,auto-revised,needs-review
47,Pathway card 3,Index.tsx,description,"Dubai and Abu Dhabi healthcare intelligence for drug development, market access, and quantitative and qualitative research across the Emirates.",Auto-expanded acronyms/loanwords — native review required,"Gesundheits-Marktinformationen für Dubai und Abu Dhabi: Arzneimittelentwicklung, Marktzugang sowie quantitative und qualitative Forschung in den Emiraten.","information marché santé Dubaï et Abu Dhabi pour développement, accès marché et recherche quantitative et qualitative aux Émirats.","Inteligencia sanitaria Dubái y Abu Dabi para desarrollo, acceso y investigación cuantitativa y cualitativa en los Emiratos.","Inteligência em saúde Dubai e Abu Dhabi para desenvolvimento, acesso e pesquisa quantitativa e qualitativa nos Emirados.","Медицинская аналитика Дубая и Абу-Даби для разработки, доступа и количественных/качественных исследований в Эмиратах.",迪拜与阿布扎比医疗情报 — 药物开发、市场准入及阿联酋全境定量与定性研究。,ذكاء صحي في دبي وأبوظبي للتطوير والوصول والبحث الكمي والنوعي عبر الإمارات.,auto-revised,needs-review
48,Pathway card 3,Index.tsx,hint,Best for UAE launch and access execution,Auto-expanded acronyms/loanwords — native review required,Ideal für Markteinführung- und Marktzugang-Umsetzung in den Vereinigte Arabische Emirate,Idéal pour lancement et accès aux EAU,Ideal para lanzamiento y acceso en EAU,Ideal para lançamento e acesso nos EAU,Лучше для запуска и доступа в ОАЭ,最适合阿联酋上市与准入执行,الأفضل لإطلاق ووصول الإمارات,auto-revised,needs-review
49,Pathway card 4,Index.tsx,title,Middle East Pharmaceutical Market Research,Auto-expanded acronyms/loanwords — native review required,Pharmaindustriemarktforschung Naher Osten,Études industrie pharmaceutique Moyen-Orient,Investigación farmacéutica Oriente Medio,Pesquisa farmacêutica Oriente Médio,Фармацевтические исследования на Ближнем Востоке,中东医药市场研究,أبحاث السوق الدوائي في الشرق الأوسط,auto-revised,needs-review
50,Pathway card 4,Index.tsx,label,GCC Priority,Expand GCC,Priorität Golf-Kooperationsrat,Priorité Conseil de coopération du Golfe,Prioridad Consejo de Cooperación del Golfo,Prioridade Conselho de Cooperação do Golfo,Приоритет Совета сотрудничества стран Залива,海湾合作委员会优先,أولوية مجلس التعاون الخليجي,revised-full-native,revised-full-native
51,Pathway card 4,Index.tsx,description,"GCC-focused pharmaceutical evidence programs for launch sequencing, market access, and cross-country execution.",GCC + launch + access native,"Arzneimittel-Evidenzprogramme mit Fokus auf den Golf-Kooperationsrat für Reihenfolge der Markteinführung, Marktzugang und länderübergreifende Umsetzung.","Programmes de preuves pharmaceutiques centrés sur le Conseil de coopération du Golfe pour séquençage des lancements, accès au marché et exécution transfrontalière.","Programas de evidencia farmacéutica centrados en el Consejo de Cooperación del Golfo para secuencia de lanzamientos, acceso al mercado y ejecución transfronteriza.","Programas de evidência farmacêutica focados no Conselho de Cooperação do Golfo para sequência de lançamentos, acesso ao mercado e execução entre países.","Программы фармацевтических доказательств с фокусом на Совет сотрудничества стран Залива: последовательность вывода на рынок, доступ и межстрановое исполнение.",以海湾合作委员会为重点的制药证据项目，支持上市排序、市场准入与跨国执行。,برامج أدلة دوائية مركّزة على مجلس التعاون الخليجي لتسلسل الإطلاق والوصول إلى السوق والتنفيذ عبر الدول.,revised-full-native,revised-full-native
52,Pathway card 4,Index.tsx,hint,Best for Middle East launch and access decisions,Auto-expanded acronyms/loanwords — native review required,Ideal für Markteinführung- und Marktzugang-Entscheidungen im Nahen Osten,Idéal pour décisions lancement et accès au Moyen-Orient,Ideal para decisiones de lanzamiento y acceso en Oriente Medio,Ideal para decisões de lançamento e acesso no Oriente Médio,Лучше для решений по запуску и доступу на Ближнем Востоке,最适合中东上市与准入决策,الأفضل لقرارات الإطلاق والوصول في الشرق الأوسط,auto-revised,needs-review
53,Pathway card 5,Index.tsx,title,Strategic Portfolio,Auto-expanded acronyms/loanwords — native review required,Strategisches Portfolio,Portefeuille stratégique,Portafolio estratégico,Portfólio estratégico,Стратегический портфель,战略能力组合,محفظة استراتيجية,carry-forward-review,needs-review
54,Pathway card 5,Index.tsx,label,Egypt Focus,Auto-expanded acronyms/loanwords — native review required,Fokus Ägypten,Focus Égypte,Enfoque Egipto,Foco Egito,Фокус на Египте,埃及聚焦,تركيز مصر,carry-forward-review,needs-review
55,Pathway card 5,Index.tsx,description,"Full capability overview: 127+ projects, 48 global clients, dual-practice healthcare and consumer research across Egypt and MENA.",Auto-expanded acronyms/loanwords — native review required,"Vollständiger Leistungsüberblick: 127+ Projekte, 48 globale Kunden, Gesundheitswesen- und Verbraucherforschung in Ägypten und Naher Osten und Nordafrika.","Vue d'ensemble des capacités : 127+ projets, 48 clients mondiaux, recherche santé et consommateur en Égypte et Moyen-Orient et Afrique du Nord.","Panorama de capacidades: 127+ proyectos, 48 clientes globales, investigación sanitaria y de consumo en Egipto y Oriente Medio y Norte de África.","Visão completa: 127+ projetos, 48 clientes globais, pesquisa em saúde e consumo no Egito e Oriente Médio e Norte da África.","Полный обзор возможностей: 127+ проектов, 48 клиентов, исследования здравоохранения и потребителей в Египте и Ближний Восток и Северная Африка.",完整能力概览：一百二十七+项目、四十八家全球客户，埃及与 中东与北非 医疗及消费者研究双轨实践。,نظرة شاملة: ١٢٧+ مشروعاً، ٤٨ عميلاً عالمياً، أبحاث صحية واستهلاكية في مصر والشرق الأوسط وشمال أفريقيا.,auto-revised,needs-review
56,Pathway card 5,Index.tsx,hint,See our market research portfolio,Auto-expanded acronyms/loanwords — native review required,Unser Marktforschungs-Portfolio ansehen,Voir notre portefeuille d'études,Ver nuestro portafolio de investigación,Ver nosso portfólio de pesquisa,Смотреть портфолио исследований,查看我们的市场研究组合,اطلع على محفظة أبحاث السوق,carry-forward-review,needs-review
57,Pathway card 6,Index.tsx,title,Top Market Research Companies in Egypt (2026),Auto-expanded acronyms/loanwords — native review required,Top-Marktforschungsunternehmen in Ägypten (2026),Meilleures sociétés d'études en Égypte (2026),Principales empresas de investigación en Egipto (2026),Principais empresas de pesquisa no Egito (2026),Лучшие исследовательские компании Египта (2026),埃及顶尖市场研究公司（二〇二六）,أفضل شركات أبحاث السوق في مصر (٢٠٢٦),carry-forward-review,needs-review
58,Pathway card 6,Index.tsx,label,New Guide,Auto-expanded acronyms/loanwords — native review required,Neuer Leitfaden,Nouveau guide,Nueva guía,Novo guia,Новый гид,新指南,دليل جديد,carry-forward-review,needs-review
59,Pathway card 6,Index.tsx,description,"Independent guide comparing 5 leading firms for healthcare, pharma, and consumer research in Egypt — the largest market in MENA.",Auto-expanded acronyms/loanwords — native review required,"Unabhängiger Leitfaden: Vergleich von 5 führenden Anbietern für Gesundheitswesen-, Pharmaindustrie- und Verbraucherforschung in Ägypten — dem größten Naher Osten und Nordafrika-Markt.","Guide indépendant comparant 5 leaders en recherche santé, industrie pharmaceutique et consommateur en Égypte — plus grand marché Moyen-Orient et Afrique du Nord.","Guía independiente que compara 5 firmas líderes en sanidad, farmacéutico y consumo en Egipto — el mayor mercado de Oriente Medio y Norte de África.","Guia independente comparando 5 líderes em saúde, farmacêutica e consumo no Egito — maior mercado da Oriente Médio e Norte da África.","Независимый гид: сравнение 5 ведущих компаний в здравоохранении, фарме и потребительских исследованиях в Египте — крупнейшем рынке Ближний Восток и Северная Африка.",独立指南：对比埃及 五家领先医疗、医药与消费者研究机构 — 中东与北非 最大市场。,دليل مستقل يقارن ٥ شركات رائدة في الأبحاث الصحية والدوائية والاستهلاكية في مصر — أكبر سوق في الشرق الأوسط وشمال أفريقيا.,auto-revised,needs-review
60,Pathway card 6,Index.tsx,hint,Best for Egypt partner selection,Auto-expanded acronyms/loanwords — native review required,Ideal für Partnerauswahl in Ägypten,Idéal pour choisir un partenaire en Égypte,Ideal para elegir socio en Egipto,Ideal para escolher parceiro no Egito,Лучше для выбора партнёра в Египте,最适合埃及合作伙伴选择,الأفضل لاختيار شريك في مصر,carry-forward-review,needs-review
61,Pathway card 7,Index.tsx,title,Quantitative Healthcare Market Research Guide,Auto-expanded acronyms/loanwords — native review required,Leitfaden quantitative Gesundheitsmarktforschung,Guide recherche quantitative santé,Guía de investigación cuantitativa sanitaria,Guia de pesquisa quantitativa em saúde,Гид по количественным исследованиям здравоохранения,定量医疗健康市场研究指南,دليل الأبحاث الكمية للسوق الصحي,carry-forward-review,needs-review
62,Pathway card 7,Index.tsx,label,Featured Guide,Auto-expanded acronyms/loanwords — native review required,Empfohlener Leitfaden,Guide à la une,Guía destacada,Guia em destaque,Рекомендуемый гид,精选指南,دليل مميز,carry-forward-review,needs-review
63,Pathway card 7,Index.tsx,description,"Execution-ready 2026 guide for survey architecture, tracker governance, and AI-assisted validation in Saudi Arabia and UAE.",Auto-expanded acronyms/loanwords — native review required,"Umsetzungsfertiger 2026-Leitfaden für Umfragearchitektur, Laufende-Studien-Governance und KI-gestützte Validierung in Saudi-Arabien und den Vereinigte Arabische Emirate.","Guide 2026 prêt à l'exécution : architecture d'enquêtes, gouvernance des trackers et validation assistée par IA en Arabie saoudite et EAU.","Guía 2026 lista para ejecución: arquitectura de encuestas, gobernanza de trackers y validación asistida por IA en Arabia Saudí y EAU.","Guia 2026 pronto para execução: arquitetura de pesquisas, governança de trackers e validação assistida por IA na Arábia Saudita e EAU.","Готовый к исполнению гид 2026: архитектура опросов, управление трекерами и AI-валидация в Саудовская Аравия и ОАЭ.",二〇二六年可执行指南 — 沙特与阿联酋的问卷架构、追踪治理与 AI 辅助验证。,دليل ٢٠٢٦ جاهز للتنفيذ: هندسة الاستبيانات وحوكمة المتتبعات والتحقق المدعوم بالذكاء الاصطناعي في السعودية والإمارات.,auto-revised,needs-review
64,Pathway card 7,Index.tsx,hint,Best for quantitative design decisions,Auto-expanded acronyms/loanwords — native review required,Ideal für quantitative Design-Entscheidungen,Idéal pour décisions de design quantitatif,Ideal para decisiones de diseño cuantitativo,Ideal para decisões de design quantitativo,Лучше для решений по количественному дизайну,最适合定量设计决策,الأفضل لقرارات التصميم الكمي,carry-forward-review,needs-review
65,Pathway card 8,Index.tsx,title,All Industries,Auto-expanded acronyms/loanwords — native review required,Alle Branchen,Tous les secteurs,Todas las industrias,Todos os setores,Все отрасли,全部行业,جميع القطاعات,carry-forward-review,needs-review
66,Pathway card 8,Index.tsx,label,Cross-Industry,Auto-expanded acronyms/loanwords — native review required,Branchenübergreifend,Multi-secteur,Multisectorial,Multissetorial,Межотраслевой,跨行业,عبر القطاعات,carry-forward-review,needs-review
67,Pathway card 8,Index.tsx,description,"Explore pharma and healthcare, B2B, and B2C market research — the same rigor behind 127+ projects across 16 industry verticals.",Auto-expanded acronyms/loanwords — native review required,"Entdecken Sie Pharmaindustrie-, Geschäftskunden- und Privatkunden-Marktforschung — dieselbe Qualität hinter 127+ Projekten in 16 Branchen.","Explorez la recherche industrie pharmaceutique, entreprises et consommateurs — la même rigueur derrière 127+ projets dans 16 verticales.","Explore investigación farmacéutico, empresarial y consumo — el mismo rigor en 127+ proyectos y 16 verticales.","Explore pesquisa farmacêutica, corporativo e consumo — o mesmo rigor em 127+ projetos e 16 verticais.","Исследования фармы, корпоратив и потребитель — та же строгость в 127+ проектах и 16 отраслях.",探索医药健康、企业 与 消费者 市场研究 — 一百二十七+项目、十六个行业垂直领域的同等严谨标准。,استكشف أبحاث الأدوية و الشركات و المستهلكين — نفس الصرامة في ١٢٧+ مشروعاً عبر ١٦ قطاعاً.,auto-revised,needs-review
68,Pathway card 8,Index.tsx,hint,Explore the industries hub,Auto-expanded acronyms/loanwords — native review required,Branchen-Übersichtsbereich entdecken,Explorer le hub secteurs,Explorar el hub de industrias,Explorar o hub de setores,Изучить отраслевой хаб,探索行业枢纽,استكشف مركز القطاعات,auto-revised,needs-review
69,Pathway card 9,Index.tsx,title,Global Websites Directory,Auto-expanded acronyms/loanwords — native review required,Verzeichnis globaler Websites,Annuaire de sites mondiaux,Directorio de sitios globales,Diretório de sites globais,Каталог глобальных сайтов,全球网站目录,دليل المواقع العالمية,carry-forward-review,needs-review
70,Pathway card 9,Index.tsx,label,Country-Level Depth,Auto-expanded acronyms/loanwords — native review required,Länder-Tiefe,Profondeur pays,Profundidad por país,Profundidade por país,Глубина на уровне страны,国家级深度,عمق على مستوى الدولة,carry-forward-review,needs-review
71,Pathway card 9,Index.tsx,description,Discover market research pages by country and region to support pharmaceutical and enterprise strategy worldwide.,Auto-expanded acronyms/loanwords — native review required,Marktforschungsseiten nach Land und Region — für Pharmaindustrie- und Unternehmensstrategie weltweit.,Découvrez les pages d'études par pays et région pour stratégies industrie pharmaceutique et entreprise dans le monde.,Descubra páginas de investigación por país y región para estrategia farmacéutica y empresarial global.,Descubra páginas de pesquisa por país e região para estratégia farmacêutica e empresarial global.,Страницы исследований по странам и регионам для фарма- и корпоративной стратегии по всему миру.,按国家与地区浏览市场研究页面，支持全球制药与企业战略。,اكتشف صفحات أبحاث السوق حسب الدولة والمنطقة لدعم الاستراتيجية الدوائية والمؤسسية عالمياً.,auto-revised,needs-review
72,Pathway card 9,Index.tsx,hint,Best for multi-country planning,Auto-expanded acronyms/loanwords — native review required,Ideal für Mehrländer-Planung,Idéal pour planification multi-pays,Ideal para planificación multipaís,Ideal para planejamento multirregional,Лучше для мульти-странового планирования,最适合多国规划,الأفضل للتخطيط متعدد الدول,auto-revised,needs-review
73,Visual briefing,mediaAssets.ts,heading,How BioNixus turns field evidence into launch decisions,Auto-expanded acronyms/loanwords — native review required,Wie BioNixus Felddaten in Markteinführung-Entscheidungen überführt,Comment BioNixus transforme les preuves terrain en décisions de lancement,Cómo BioNixus convierte evidencia de campo en decisiones de lanzamiento,Como a BioNixus transforma evidências de campo em decisões de lançamento,Как BioNixus превращает полевые данные в решения по запуску,BioNixus 如何将现场证据转化为上市决策,كيف تحوّل بيونكسس أدلة الميدان إلى قرارات إطلاق,auto-revised,needs-review
74,Visual briefing,mediaAssets.ts,image1_alt,Healthcare market research workshop with GCC commercial and market access leaders reviewing pharmaceutical evidence,Auto-expanded acronyms/loanwords — native review required,Gesundheitswesen-Marktforschungs-Workshop mit Golf-Kooperationsrat-Commercial- und Marktzugang-Führungskräften,Atelier d'études santé avec leaders commerciaux et accès marché CCG,Taller de investigación sanitaria con líderes comerciales y de acceso Consejo de Cooperación del Golfo del sector farmacéutico,Workshop de pesquisa em saúde com líderes comerciais e de acesso Conselho de Cooperação do Golfo,Воркшоп по исследованиям здравоохранения с коммерческими и access-лидерами Совет сотрудничества стран Залива,海湾合作委员会 商业与市场准入负责人审阅制药证据的医疗健康研究工作坊,ورشة أبحاث سوق صحي مع قادة تجاريين ووصول للسوق في الخليج يراجعون أدلة دوائية,auto-revised,needs-review
75,Visual briefing,mediaAssets.ts,image1_caption,Converting pharmaceutical data and evidence into launch and access actions.,Auto-expanded acronyms/loanwords — native review required,Pharmaindustrie-Daten und Evidenz in Markteinführung- und Marktzugang-Maßnahmen überführen.,Transformer données et preuves industrie pharmaceutique en actions de lancement et d'accès.,Convertir datos y evidencia farmacéutica en acciones de lanzamiento y acceso.,Converter dados e evidências farmacêuticas em ações de lançamento e acesso.,Преобразование фармданных и доказательств в действия по запуску и доступу.,将制药数据与证据转化为上市与准入行动。,تحويل البيانات والأدلة الدوائية إلى إجراءات إطلاق ووصول.,auto-revised,needs-review
76,Visual briefing,mediaAssets.ts,image2_alt,Pharmaceutical data validation workflow combining quantitative analytics and AI-assisted quality review,Auto-expanded acronyms/loanwords — native review required,Pharmaindustrie-Datenvalidierung mit quantitativer Analytik und KI-gestützter Qualitätsprüfung,Workflow de validation de données industrie pharmaceutique avec analytique quantitative et contrôle qualité assisté par IA,Flujo de validación de datos farmacéuticos con analítica cuantitativa y revisión de calidad asistida por IA,Fluxo de validação de dados farmacêuticos com analítica quantitativa e revisão de qualidade assistida por IA,Процесс валидации фармданных с количественной аналитикой и AI-контролем качества,结合定量分析与 AI 辅助质量审查的制药数据验证流程,سير عمل التحقق من البيانات الدوائية مع التحليلات الكمية ومراجعة الجودة بالذكاء الاصطناعي,auto-revised,needs-review
77,Visual briefing,mediaAssets.ts,image2_caption,Human validation operations with governed AI-assisted quality controls for healthcare datasets.,Auto-expanded acronyms/loanwords — native review required,Menschliche Validierung mit geregelten KI-gestützten Qualitätskontrollen für Gesundheitswesen-Datensätze.,Validation humaine avec contrôles qualité IA gouvernés pour jeux de données santé.,Validación humana con controles de calidad IA gobernados para datos sanitarios.,Validação humana com controles de qualidade IA governados para dados de saúde.,Человеческая валидация с управляемым AI-контролем качества медицинских данных.,对健康数据集进行人工验证，并配合受治理的 AI 辅助质量控制。,عمليات تحقق بشرية مع ضوابط جودة بالذكاء الاصطناعي لمجموعات بيانات الرعاية الصحية.,auto-revised,needs-review
78,Overview video,mediaAssets.ts,title,BioNixus healthcare market research overview,Auto-expanded acronyms/loanwords — native review required,BioNixus Gesundheitsmarktforschung — Überblick,Vue d'ensemble des études de marché santé BioNixus,Resumen de investigación de mercado sanitario BioNixus,Visão geral da pesquisa de mercado em saúde BioNixus,Обзор исследований рынка здравоохранения BioNixus,BioNixus 医疗健康市场研究概览,نظرة عامة على أبحاث السوق الصحي بيونكسس,carry-forward-review,needs-review
79,Overview video,mediaAssets.ts,description,"A short overview of how BioNixus designs quantitative, qualitative, and access programs for pharmaceutical teams in global markets including the Americas, Europe, and the Middle East.",Auto-expanded acronyms/loanwords — native review required,"Kurzer Überblick, wie BioNixus quantitative, qualitative und Marktzugang-Programme für Pharmaindustrie-Teams in Amerika, Europa und Nahem Osten gestaltet.","Brève présentation de la conception de programmes quantitatifs, qualitatifs et d'accès pour équipes industrie pharmaceutique en Amériques, Europe et Moyen-Orient.","Breve resumen de cómo BioNixus diseña programas cuantitativos, cualitativos y de acceso para equipos farmacéuticos en Américas, Europa y Oriente Medio.","Breve visão de como a BioNixus projeta programas quantitativos, qualitativos e de acesso para equipes farmacêuticas nas Américas, Europa e Oriente Médio.","Краткий обзор того, как BioNixus проектирует количественные, качественные и access-программы для фармкоманд в Америке, Европе и на Ближнем Востоке.",简要介绍 BioNixus 如何为美洲、欧洲与中东的制药团队设计定量、定性与准入项目。,نظرة قصيرة على كيفية تصميم بيونكسس برامج كمية ونوعية ووصول للفرق الدوائية في الأمريكتين وأوروبا والشرق الأوسط.,auto-revised,needs-review
80,Overview video,mediaAssets.ts,transcript,"BioNixus supports pharmaceutical and healthcare teams with market research built for real decisions — launch readiness, market access, payer evidence, and competitive intelligence. Programs combine senior-led design, bilingual Arabic–English fieldwork, and audit-ready governance across global markets including the Americas, Europe, and the Middle East.",Auto-expanded acronyms/loanwords — native review required,"BioNixus unterstützt Pharmaindustrie- und Gesundheitswesen-Teams mit Marktforschung für echte Entscheidungen — Markteinführung-Readiness, Marktzugang, Payör-Evidenz und Wettbewerbsintelligence. Programme verbinden erfahrene geführte Konzeption, zweisprachige arabisch-englische Feldarbeit und auditfähige Governance in Amerika, Europa und Nahem Osten.","BioNixus accompagne les équipes industrie pharmaceutique et santé avec des études conçues pour de vraies décisions — préparation au lancement, accès marché, preuves payeurs et veille concurrentielle. Programmes combinant design senior, terrain bilingue arabe-anglais et gouvernance audit-ready en Amériques, Europe et Moyen-Orient.","BioNixus apoya a equipos farmacéuticos y sanitarios con investigación para decisiones reales — preparación de lanzamiento, acceso, evidencia de pagadores e inteligencia competitiva. Programas con diseño senior, campo bilingüe árabe-inglés y gobernanza lista para auditoría en Américas, Europa y Oriente Medio.","A BioNixus apoia equipes farmacêuticas e de saúde com pesquisa para decisões reais — prontidão de lançamento, acesso, evidências de pagadores e inteligência competitiva. Programas com design sênior, campo bilíngue árabe-inglês e governança pronta para auditoria nas Américas, Europa e Oriente Médio.","BioNixus поддерживает фарма- и медицинские команды исследованиями для реальных решений — готовность к запуску, доступ, доказательства для плательщиков и конкурентная разведка. Программы с экспертным дизайном, двуязычным полем арабский–английский и audit-ready управлением в Америке, Европе и на Ближнем Востоке.",BioNixus 为制药与健康团队提供面向真实决策的市场研究 — 上市准备、市场准入、支付方证据与竞争情报。项目结合资深设计、阿英双语现场工作与可审计治理，覆盖美洲、欧洲与中东。,تدعم بيونكسس الفرق الدوائية والصحية بأبحاث سوق مبنية لقرارات حقيقية — جاهزية الإطلاق والوصول وأدلة الدافعين والذكاء التنافسي. تجمع البرامج تصميماً بقيادة كبار الخبراء وميداناً ثنائي اللغة عربي–إنجليزي وحوكمة جاهزة للتدقيق.,auto-revised,needs-review
81,Overview video,mediaAssets.ts,fallback_label,Browse anonymized case studies,Auto-expanded acronyms/loanwords — native review required,Anonymisierte Fallstudien ansehen,Parcourir des études de cas anonymisées,Ver casos de estudio anonimizados,Ver casos de estudo anonimizados,Просмотреть анонимизированные кейсы,浏览匿名案例研究,تصفح دراسات حالة مجهولة,carry-forward-review,needs-review
82,CTA band,CTASection.tsx,headline,Get a custom healthcare market research proposal,Auto-expanded acronyms/loanwords — native review required,Individuelles Gesundheitsmarktforschungs-Angebot anfordern,Demander une proposition d'études de marché santé sur mesure,Solicitar una propuesta a medida de investigación sanitaria,Solicitar proposta personalizada de pesquisa em saúde,Запросить индивидуальное предложение по исследованиям здравоохранения,获取定制医疗健康市场研究方案,اطلب عرضاً مخصصاً لأبحاث السوق الصحي,carry-forward-review,needs-review
83,CTA band,CTASection.tsx,body,"Our team supports pharmaceutical companies with decision-ready insights across the Americas, Europe, and the Middle East using quantitative and qualitative methodologies.",Auto-expanded acronyms/loanwords — native review required,"Unser Team liefert Pharmaindustrieunternehmen entscheidungsreife Erkenntnisse in Amerika, Europa und Nahem Osten — quantitativ und qualitativ.","Notre équipe accompagne les laboratoires avec des insights prêts à la décision en Amériques, Europe et Moyen-Orient, via méthodes quantitatives et qualitatives.","Nuestro equipo apoya a laboratorios con insights listos para decisiones en Américas, Europa y Oriente Medio, con metodologías cuantitativas y cualitativas.","Nossa equipe apoia empresas farmacêuticas com insights prontos para decisão nas Américas, Europa e Oriente Médio, com metodologias quantitativas e qualitativas.","Наша команда поддерживает фармкомпании готовыми к решениям инсайтами в Америке, Европе и на Ближнем Востоке — количественными и качественными методами.",我们的团队以定量与定性方法，在美洲、欧洲与中东为制药企业提供可决策洞察。,يدعم فريقنا شركات الأدوية برؤى جاهزة للقرار عبر الأمريكتين وأوروبا والشرق الأوسط بمنهجيات كمية ونوعية.,auto-revised,needs-review
84,CTA band,CTASection.tsx,button,Request a proposal,Auto-expanded acronyms/loanwords — native review required,Angebot anfordern,Demander une proposition,Solicitar propuesta,Solicitar proposta,Запросить предложение,索取方案,طلب عرض,carry-forward-review,needs-review
85,CTA band,CTASection.tsx,button,Email us,Auto-expanded acronyms/loanwords — native review required,E-Mail senden,Nous écrire,Enviar correo,Enviar e-mail,Написать нам,发送邮件,راسلنا,carry-forward-review,needs-review
86,CTA band,CTASection.tsx,mailto_subject,Healthcare Market Research Inquiry,Auto-expanded acronyms/loanwords — native review required,Anfrage Gesundheitsmarktforschung,Demande études de marché santé,Consulta investigación de mercado sanitario,Consulta pesquisa de mercado em saúde,Запрос исследований здравоохранения,医疗健康市场研究咨询,استفسار أبحاث السوق الصحي,carry-forward-review,needs-review
87,CTA band,constants.ts,phone_label,US No.,Auto-expanded acronyms/loanwords — native review required,US-Nr.,N° US,N.º EE. UU.,N.º EUA,США,美国电话,رقم أمريكي,carry-forward-review,needs-review
88,CTA band,constants.ts,phone_label,Europe No.,Auto-expanded acronyms/loanwords — native review required,Europa-Nr.,N° Europe,N.º Europa,N.º Europa,Европа,欧洲电话,رقم أوروبي,carry-forward-review,needs-review
89,CTA band,constants.ts,phone_label,"Middle East, Africa and Asia No.",Auto-expanded acronyms/loanwords — native review required,"Naher Osten, Afrika & Asien","Moyen-Orient, Afrique et Asie","Oriente Medio, África y Asia","Oriente Médio, África e Ásia","Ближний Восток, Африка и Азия",中东、非洲与亚洲, الشرق الأوسط وأفريقيا وآسيا,carry-forward-review,needs-review
90,Testimonials,TestimonialsSection.tsx,marquee,Industry Leaders We Serve Alongside,Auto-expanded acronyms/loanwords — native review required,Branchenführer an unserer Seite,Leaders sectoriels à nos côtés,Líderes del sector a nuestro lado,Líderes do setor ao nosso lado,Отраслевые лидеры рядом с нами,我们服务的行业领导者,قادة الصناعة الذين نخدم إلى جانبهم,carry-forward-review,needs-review
91,Testimonials,TestimonialsSection.tsx,alt_template,{company} pharmaceutical market research case study preview,Auto-expanded acronyms/loanwords — native review required,{company} — Fallstudie Pharmaindustriemarktforschung (Vorschau),{company} — aperçu étude de cas industrie pharmaceutique,{company} — vista previa caso de estudio farmacéutico,{company} — prévia caso de estudo farmacêutico,{company} — превью фарма-кейса,{company} 医药市场研究案例预览,{company} — معاينة دراسة حالة أبحاث سوق دوائية,auto-revised,needs-review
92,Hero fallback,HeroSection.tsx,trust_strip,Trusted by,Auto-expanded acronyms/loanwords — native review required,Vertrauenswürdig bei,Recommandé par,Recomendado por,Recomendado por,Нам доверяют,深受信赖,موثوق به من,carry-forward-review,needs-review
93,Hero fallback,HeroSection.tsx,trust_stats,48 global clients · 127+ projects · 38 countries,Auto-expanded acronyms/loanwords — native review required,48 globale Kunden · 127+ Projekte · 38 Länder,48 clients mondiaux · 127+ projets · 38 pays,48 clientes globales · 127+ proyectos · 38 países,48 clientes globais · 127+ projetos · 38 países,48 клиентов · 127+ проектов · 38 стран,四十八家全球客户 · 一百二十七+项目 · 三十八个国家,٤٨ عميلاً عالمياً · ١٢٧+ مشروعاً · ٣٨ دولة,carry-forward-review,needs-review
94,Video embed,ProofVideoEmbed.tsx,label,Transcript,Auto-expanded acronyms/loanwords — native review required,Transkript,Transcription,Transcripción,Transcrição,Транскрипт,文字稿,النص,carry-forward-review,needs-review
